Cycle start time,Cycle end time,Cycle timezone,Sleep onset,Wake onset,Sleep performance %,Respiratory rate (rpm),Asleep duration (min),In bed duration (min),Light sleep duration (min),Deep (SWS) duration (min),REM duration (min),Awake duration (min),Sleep need (min),Sleep debt (min),Sleep efficiency %,Sleep consistency %,Nap
2026-03-10 00:33:16,,UTC-07:00,2026-03-10 00:33:16,2026-03-10 06:55:28,66,17.4,360,382,161,86,113,22,622,85,94,48,false
2026-03-09 02:04:14,2026-03-10 00:33:16,UTC-07:00,2026-03-09 02:04:14,2026-03-09 08:30:07,74,17.2,334,385,115,91,128,51,468,67,86,55,false
2026-03-08 01:28:41,2026-03-09 02:04:14,UTC-07:00,2026-03-08 12:07:14,2026-03-08 14:10:44,23,17.9,118,123,53,34,31,5,545,67,98,,true
2026-03-08 01:28:41,2026-03-09 02:04:14,UTC-07:00,2026-03-08 01:28:41,2026-03-08 07:38:44,73,17.6,346,370,141,77,128,24,450,127,93,33,false
2026-03-07 01:55:40,2026-03-08 00:28:41,UTC-08:00,2026-03-07 11:01:41,2026-03-07 13:44:09,21,18.4,157,162,102,38,17,5,605,127,97,,true
2026-03-07 01:55:40,2026-03-08 00:28:41,UTC-08:00,2026-03-07 01:55:40,2026-03-07 07:27:40,60,18.1,308,331,142,85,81,23,553,127,93,36,false
2026-03-06 06:53:29,2026-03-07 03:55:40,UTC-06:00,2026-03-06 21:47:44,2026-03-06 23:25:37,14,18.3,81,97,37,44,0,16,635,127,83,,true
2026-03-06 06:53:29,2026-03-07 03:55:40,UTC-06:00,2026-03-06 06:53:29,2026-03-06 10:23:56,13,20.1,185,210,115,46,24,25,663,127,88,18,false
2026-03-04 23:55:13,2026-03-06 06:53:29,UTC-06:00,2026-03-04 23:55:13,2026-03-05 07:21:59,73,18.6,412,446,150,103,159,34,635,89,92,61,false
2026-03-04 01:02:48,2026-03-04 23:55:13,UTC-06:00,2026-03-04 01:02:48,2026-03-04 07:12:02,74,18.3,359,369,201,67,91,10,499,127,97,45,false
2026-03-03 00:00:29,2026-03-04 01:02:48,UTC-06:00,2026-03-03 09:21:00,2026-03-03 12:00:31,16,17.7,135,159,97,17,21,24,603,127,85,,true
2026-03-03 00:00:29,2026-03-04 01:02:48,UTC-06:00,2026-03-03 00:00:29,2026-03-03 07:06:52,70,17.6,406,426,227,94,85,20,616,111,95,38,false
2026-03-01 22:00:48,2026-03-03 00:00:29,UTC-06:00,2026-03-01 22:00:48,2026-03-02 07:19:59,53,17.5,449,559,265,80,104,110,623,127,80,16,false
2026-03-01 07:11:47,2026-03-01 22:00:48,UTC-06:00,2026-03-01 07:11:47,2026-03-01 11:46:10,22,17.5,265,274,103,93,69,9,579,29,96,28,false
2026-02-28 01:31:16,2026-03-01 07:11:47,UTC-06:00,2026-02-28 01:31:16,2026-02-28 10:11:31,75,16.8,474,520,211,97,166,46,519,127,91,33,false
2026-02-27 04:47:14,2026-02-28 01:31:16,UTC-06:00,2026-02-27 13:35:43,2026-02-27 16:06:28,23,16.6,139,150,108,16,15,11,632,127,92,,true
2026-02-27 04:47:14,2026-02-28 01:31:16,UTC-06:00,2026-02-27 04:47:14,2026-02-27 07:33:49,26,17.7,156,166,70,50,36,10,602,127,93,53,false
2026-02-26 02:46:09,2026-02-27 04:47:14,UTC-06:00,2026-02-26 14:29:15,2026-02-26 15:33:45,14,18.0,63,64,44,19,0,1,620,127,100,,true
2026-02-26 02:46:09,2026-02-27 04:47:14,UTC-06:00,2026-02-26 02:46:09,2026-02-26 06:13:29,29,17.2,204,207,81,74,49,3,623,127,98,68,false
2026-02-25 03:34:00,2026-02-26 02:46:09,UTC-06:00,2026-02-25 03:34:00,2026-02-25 07:46:02,39,17.0,242,252,66,51,125,10,643,127,96,62,false
2026-02-24 00:56:27,2026-02-25 03:34:00,UTC-06:00,2026-02-24 00:56:27,2026-02-24 06:59:52,61,17.2,342,363,99,131,112,21,635,127,94,50,false
2026-02-23 02:05:33,2026-02-24 00:56:27,UTC-06:00,2026-02-23 02:05:33,2026-02-23 07:09:15,49,16.5,292,303,78,105,109,11,610,121,96,41,false
2026-02-22 04:34:01,2026-02-23 02:05:33,UTC-06:00,2026-02-22 04:34:01,2026-02-22 12:29:29,73,16.4,457,475,184,106,167,18,646,127,96,44,false
2026-02-21 03:47:59,2026-02-22 04:34:01,UTC-06:00,2026-02-21 03:47:59,2026-02-21 09:45:59,61,17.2,354,358,150,90,114,4,653,127,99,59,false
2026-02-20 01:45:41,2026-02-21 03:47:59,UTC-06:00,2026-02-20 01:45:41,2026-02-20 08:51:21,72,16.1,413,425,172,79,162,12,672,127,97,72,false
2026-02-19 02:19:36,2026-02-20 01:45:41,UTC-06:00,2026-02-19 02:19:36,2026-02-19 06:51:30,45,16.7,261,271,139,28,94,10,647,127,96,82,false
2026-02-18 01:52:05,2026-02-19 02:19:36,UTC-06:00,2026-02-18 01:52:05,2026-02-18 07:10:41,56,16.7,306,318,138,91,77,12,656,127,96,76,false
2026-02-17 02:07:55,2026-02-18 01:52:05,UTC-06:00,2026-02-17 02:07:55,2026-02-17 07:12:16,53,16.5,302,304,136,86,80,2,639,127,99,62,false
2026-02-16 01:27:31,2026-02-17 02:07:55,UTC-06:00,2026-02-16 01:27:31,2026-02-16 07:02:53,55,16.4,319,335,176,72,71,16,629,127,95,47,false
2026-02-15 03:51:58,2026-02-16 01:27:31,UTC-06:00,2026-02-15 03:51:58,2026-02-15 11:03:29,74,15.8,399,431,161,91,147,32,599,111,92,53,false
2026-02-14 04:07:27,2026-02-15 03:51:58,UTC-06:00,2026-02-14 04:07:27,2026-02-14 10:23:38,63,16.6,365,376,195,71,99,11,588,61,97,39,false
2026-02-12 23:40:35,2026-02-14 04:07:27,UTC-06:00,2026-02-12 23:40:35,2026-02-13 09:24:54,78,16.1,537,584,236,90,211,47,632,127,91,61,false
2026-02-12 00:28:20,2026-02-12 23:40:35,UTC-06:00,2026-02-12 00:28:20,2026-02-12 06:46:45,76,16.0,368,378,175,105,88,10,593,98,97,76,false
2026-02-10 23:11:32,2026-02-12 00:28:20,UTC-06:00,2026-02-10 23:11:32,2026-02-11 07:24:58,78,14.9,476,493,196,113,167,17,629,127,96,60,false
2026-02-10 02:58:15,2026-02-10 23:11:32,UTC-06:00,2026-02-10 02:58:15,2026-02-10 07:09:48,39,15.7,235,251,84,74,77,16,628,114,93,69,false
2026-02-09 00:24:32,2026-02-10 02:58:15,UTC-06:00,2026-02-09 00:24:32,2026-02-09 06:59:48,73,14.7,375,395,170,99,106,20,605,121,95,63,false
2026-02-08 02:30:38,2026-02-09 00:24:32,UTC-06:00,2026-02-08 02:30:38,2026-02-08 08:42:39,67,16.1,357,372,153,100,104,15,600,95,96,63,false
2026-02-07 01:07:02,2026-02-08 02:30:38,UTC-06:00,2026-02-07 01:07:02,2026-02-07 08:55:26,78,14.6,441,468,209,99,133,27,591,96,95,57,false
2026-02-06 01:41:02,2026-02-07 01:07:02,UTC-06:00,2026-02-06 01:41:02,2026-02-06 07:09:26,75,14.3,313,328,164,54,95,15,464,110,95,52,false
2026-02-05 01:38:59,2026-02-06 01:41:02,UTC-06:00,2026-02-05 15:50:59,2026-02-05 18:09:30,24,17.5,137,138,97,20,20,1,591,110,99,,true
2026-02-05 01:38:59,2026-02-06 01:41:02,UTC-06:00,2026-02-05 01:38:59,2026-02-05 07:00:05,72,16.5,308,321,190,68,50,13,480,127,96,55,false
2026-02-04 00:12:26,2026-02-05 01:38:59,UTC-06:00,2026-02-04 13:23:29,2026-02-04 15:35:29,14,19.8,131,132,86,27,18,1,608,127,99,,true
2026-02-04 00:12:26,2026-02-05 01:38:59,UTC-06:00,2026-02-04 00:12:26,2026-02-04 07:29:57,79,16.1,415,437,226,90,99,22,637,127,94,83,false
2026-02-02 23:11:02,2026-02-04 00:12:26,UTC-06:00,2026-02-02 23:11:02,2026-02-03 07:19:21,69,15.6,389,488,197,85,107,99,605,125,79,71,false
2026-02-01 23:51:23,2026-02-02 23:11:02,UTC-06:00,2026-02-01 23:51:23,2026-02-02 07:00:13,77,14.8,401,428,247,68,86,27,596,100,93,68,false
2026-02-01 01:17:52,2026-02-01 23:51:23,UTC-06:00,2026-02-01 01:17:52,2026-02-01 08:18:02,81,16.5,400,420,139,112,149,20,557,75,95,75,false
2026-01-31 00:01:19,2026-02-01 01:17:52,UTC-06:00,2026-01-31 00:01:19,2026-01-31 09:56:50,74,15.9,495,595,212,108,175,100,613,127,83,60,false
2026-01-30 02:25:47,2026-01-31 00:01:19,UTC-06:00,2026-01-30 02:25:47,2026-01-30 08:08:47,62,14.1,330,343,115,112,103,13,649,127,96,72,false
2026-01-29 00:03:13,2026-01-30 02:25:47,UTC-06:00,2026-01-29 00:03:13,2026-01-29 07:24:04,70,13.9,396,440,228,83,85,44,652,127,90,61,false
2026-01-28 02:23:43,2026-01-29 00:03:13,UTC-06:00,2026-01-28 02:23:43,2026-01-28 07:48:22,61,15.2,319,324,162,85,72,5,607,70,98,61,false
2026-01-26 22:06:18,2026-01-28 02:23:43,UTC-06:00,2026-01-26 22:06:18,2026-01-27 08:35:41,73,14.7,557,629,397,86,74,72,667,127,88,45,false
2026-01-26 02:04:17,2026-01-26 22:06:18,UTC-06:00,2026-01-26 02:04:17,2026-01-26 09:27:10,57,16.1,422,442,180,109,133,20,623,126,95,61,false
2026-01-25 03:30:44,2026-01-26 02:04:17,UTC-06:00,2026-01-25 03:30:44,2026-01-25 10:18:15,25,16.0,335,407,104,113,118,72,588,113,82,40,false
2026-01-24 00:46:11,2026-01-25 03:30:44,UTC-06:00,2026-01-24 10:27:12,2026-01-24 11:32:12,24,17.5,62,65,36,20,6,3,589,113,95,,true
2026-01-24 00:46:11,2026-01-25 03:30:44,UTC-06:00,2026-01-24 00:46:11,2026-01-24 08:20:35,77,16.5,448,454,166,89,193,6,624,127,98,71,false
2026-01-23 01:21:09,2026-01-24 00:46:11,UTC-06:00,2026-01-23 01:21:09,2026-01-23 07:09:51,71,15.3,335,348,139,81,115,13,556,127,96,70,false
2026-01-22 01:38:27,2026-01-23 01:21:09,UTC-06:00,2026-01-22 18:15:07,2026-01-22 19:31:01,12,16.9,74,75,41,21,12,1,626,127,98,,true
2026-01-22 01:38:27,2026-01-23 01:21:09,UTC-06:00,2026-01-22 01:38:27,2026-01-22 07:04:54,58,15.1,313,326,138,78,97,13,630,127,96,71,false
2026-01-21 00:25:54,2026-01-22 01:38:27,UTC-06:00,2026-01-21 00:25:54,2026-01-21 07:23:55,50,15.5,368,418,206,95,67,50,661,127,88,49,false
2026-01-20 01:45:53,2026-01-21 00:25:54,UTC-06:00,2026-01-20 01:45:53,2026-01-20 06:23:23,38,16.5,273,277,137,81,55,4,663,127,98,44,false
2026-01-19 04:24:12,2026-01-20 01:45:53,UTC-06:00,2026-01-19 04:24:12,2026-01-19 09:44:09,64,16.3,307,319,102,76,129,12,554,20,96,66,false
2026-01-18 02:17:11,2026-01-19 04:24:12,UTC-06:00,2026-01-18 02:17:11,2026-01-18 11:25:42,72,15.3,520,548,260,102,158,28,552,127,94,51,false
2026-01-17 02:42:40,2026-01-18 00:17:11,UTC-08:00,2026-01-17 07:56:40,2026-01-17 09:25:40,10,16.2,82,89,60,22,0,7,607,127,92,,true
2026-01-17 02:42:40,2026-01-18 00:17:11,UTC-08:00,2026-01-17 02:42:40,2026-01-17 05:11:54,28,15.4,147,149,47,48,52,2,628,127,98,66,false
2026-01-16 02:03:07,2026-01-17 02:42:40,UTC-08:00,2026-01-16 02:03:07,2026-01-16 08:07:07,68,14.9,353,363,124,96,133,10,612,123,97,60,false
2026-01-15 02:39:07,2026-01-16 02:03:07,UTC-08:00,2026-01-15 02:39:07,2026-01-15 07:48:06,61,15.8,301,308,116,95,90,7,549,127,97,45,false
2026-01-13 23:09:37,2026-01-15 02:39:07,UTC-08:00,2026-01-14 15:31:37,2026-01-14 16:35:06,19,16.3,58,63,32,26,0,5,606,127,92,,true
2026-01-13 23:09:37,2026-01-15 02:39:07,UTC-08:00,2026-01-13 23:09:37,2026-01-14 03:07:43,37,16.4,218,238,111,65,42,20,611,127,91,67,false
2026-01-13 01:20:04,2026-01-13 23:09:37,UTC-08:00,2026-01-13 01:20:04,2026-01-13 07:43:04,67,14.8,356,382,190,107,59,26,653,120,93,70,false
2026-01-11 23:51:33,2026-01-13 01:20:04,UTC-08:00,2026-01-11 23:51:33,2026-01-12 07:12:30,75,15.6,407,440,164,131,112,33,594,113,92,54,false
2026-01-11 03:07:01,2026-01-11 23:51:33,UTC-08:00,2026-01-11 03:07:01,2026-01-11 08:04:45,68,16.3,267,297,135,72,60,30,443,79,89,50,false
2026-01-10 01:03:58,2026-01-11 03:07:01,UTC-08:00,2026-01-10 14:21:29,2026-01-10 16:17:59,20,17.5,116,116,42,45,29,0,558,79,100,,true
2026-01-10 01:03:58,2026-01-11 03:07:01,UTC-08:00,2026-01-10 01:03:58,2026-01-10 08:29:59,77,16.0,427,446,182,87,158,19,551,58,95,51,false
2026-01-09 03:13:27,2026-01-10 01:03:58,UTC-08:00,2026-01-09 03:13:27,2026-01-09 07:35:11,74,16.2,252,261,74,84,94,9,344,127,96,41,false
2026-01-07 22:30:13,2026-01-09 03:13:27,UTC-08:00,2026-01-08 12:07:29,2026-01-08 13:56:24,21,16.7,102,108,43,39,20,6,441,127,94,,true
2026-01-07 22:30:13,2026-01-09 03:13:27,UTC-08:00,2026-01-08 04:21:44,2026-01-08 07:21:00,25,15.7,165,179,72,35,58,14,604,127,92,,true
2026-01-07 22:30:13,2026-01-09 03:13:27,UTC-08:00,2026-01-07 22:30:13,2026-01-08 02:17:14,32,16.7,208,227,83,96,29,19,614,106,91,53,false
2026-01-07 01:59:07,2026-01-07 22:30:13,UTC-08:00,2026-01-07 01:59:07,2026-01-07 07:22:19,73,15.5,308,323,108,81,119,15,475,113,95,53,false
2026-01-05 23:30:04,2026-01-07 01:59:07,UTC-08:00,2026-01-06 14:45:35,2026-01-06 16:45:36,23,17.4,119,120,61,39,19,1,593,113,100,,true
2026-01-05 23:30:04,2026-01-07 01:59:07,UTC-08:00,2026-01-05 23:30:04,2026-01-06 07:23:01,77,15.8,436,472,177,83,176,36,613,104,92,56,false
2026-01-05 01:06:45,2026-01-05 23:30:04,UTC-08:00,2026-01-05 01:06:45,2026-01-05 08:06:46,76,16.3,397,420,161,106,130,23,559,127,94,52,false
2026-01-04 04:40:44,2026-01-05 01:06:45,UTC-08:00,2026-01-04 17:00:15,2026-01-04 18:04:57,11,18.0,49,64,31,17,1,15,609,127,76,,true
2026-01-04 04:40:44,2026-01-05 01:06:45,UTC-08:00,2026-01-04 04:40:44,2026-01-04 06:50:47,11,17.3,119,130,56,23,40,11,632,127,91,52,false
2026-01-03 02:00:29,2026-01-04 04:40:44,UTC-08:00,2026-01-03 02:00:29,2026-01-03 08:15:56,70,16.4,369,375,146,92,131,6,604,120,98,58,false
2026-01-01 23:46:57,2026-01-03 02:00:29,UTC-08:00,2026-01-01 23:46:57,2026-01-02 07:17:28,72,15.9,426,450,195,108,123,24,614,122,94,37,false
2026-01-01 04:12:23,2026-01-01 23:46:57,UTC-08:00,2026-01-01 04:12:23,2026-01-01 11:22:53,35,16.7,377,430,163,65,149,53,622,108,87,31,false
2025-12-31 01:28:22,2026-01-01 04:12:23,UTC-08:00,2025-12-31 01:28:22,2025-12-31 07:58:53,77,16.7,369,390,166,82,121,21,538,127,94,59,false
2025-12-29 23:47:34,2025-12-31 01:28:22,UTC-08:00,2025-12-30 14:35:20,2025-12-30 16:00:07,20,17.5,76,84,34,27,15,8,608,127,90,,true
2025-12-29 23:47:34,2025-12-31 01:28:22,UTC-08:00,2025-12-29 23:47:34,2025-12-30 06:10:05,69,15.9,370,382,145,85,140,12,611,127,96,50,false
2025-12-29 02:12:31,2025-12-29 23:47:34,UTC-08:00,2025-12-29 02:12:31,2025-12-29 08:21:01,46,16.9,335,368,126,113,96,33,661,127,91,67,false
2025-12-28 02:26:00,2025-12-29 02:12:31,UTC-08:00,2025-12-28 02:26:00,2025-12-28 07:23:18,65,16.6,277,297,121,75,81,20,493,127,93,55,false
2025-12-27 01:32:23,2025-12-28 02:26:00,UTC-08:00,2025-12-27 18:56:53,2025-12-27 20:58:02,11,18.0,119,121,74,33,12,2,612,127,98,,true
2025-12-27 01:32:23,2025-12-28 02:26:00,UTC-08:00,2025-12-27 01:32:23,2025-12-27 06:50:23,58,17.3,309,318,147,67,95,9,583,127,97,58,false
2025-12-26 00:21:19,2025-12-27 01:32:23,UTC-08:00,2025-12-26 14:45:52,2025-12-26 16:09:12,23,16.9,80,83,56,19,5,3,652,127,97,,true
2025-12-26 00:21:19,2025-12-27 01:32:23,UTC-08:00,2025-12-26 00:21:19,2025-12-26 07:34:01,76,16.3,407,432,184,84,139,25,611,127,94,63,false
2025-12-25 02:25:48,2025-12-26 00:21:19,UTC-08:00,2025-12-25 02:25:48,2025-12-25 08:53:15,72,15.7,352,387,136,106,110,35,611,127,90,78,false
2025-12-24 03:03:16,2025-12-25 02:25:48,UTC-08:00,2025-12-24 03:03:16,2025-12-24 07:57:17,46,16.0,287,294,143,80,64,7,630,127,97,69,false
2025-12-23 01:56:44,2025-12-24 03:03:16,UTC-08:00,2025-12-23 01:56:44,2025-12-23 09:06:53,76,16.7,411,430,155,128,128,19,611,101,95,63,false
2025-12-22 03:05:28,2025-12-23 01:56:44,UTC-08:00,2025-12-22 03:05:28,2025-12-22 08:09:36,71,16.3,280,304,134,72,74,24,438,64,92,49,false
2025-12-20 22:52:54,2025-12-22 03:05:28,UTC-08:00,2025-12-21 12:13:57,2025-12-21 14:15:21,22,17.7,119,121,50,32,37,2,543,64,98,,true
2025-12-20 22:52:54,2025-12-22 03:05:28,UTC-08:00,2025-12-20 22:52:54,2025-12-21 08:35:26,78,16.6,523,582,251,89,183,59,624,127,89,51,false
2025-12-20 04:12:53,2025-12-20 22:52:54,UTC-08:00,2025-12-20 04:12:53,2025-12-20 08:51:40,41,16.1,252,278,89,69,94,26,628,123,90,59,false
2025-12-19 01:03:51,2025-12-20 04:12:53,UTC-08:00,2025-12-19 01:03:51,2025-12-19 09:46:52,73,16.0,440,523,192,100,148,83,632,127,84,62,false
2025-12-18 02:24:20,2025-12-19 01:03:51,UTC-08:00,2025-12-18 02:24:20,2025-12-18 06:35:09,43,16.8,246,250,114,60,72,4,624,127,98,73,false
2025-12-17 03:32:17,2025-12-18 04:24:20,UTC-06:00,2025-12-17 03:32:17,2025-12-17 10:17:37,75,16.2,382,405,179,70,133,23,626,127,94,75,false
2025-12-16 04:22:53,2025-12-17 03:32:17,UTC-06:00,2025-12-16 04:22:53,2025-12-16 09:53:46,48,16.7,312,330,154,69,89,18,635,93,94,68,false
2025-12-15 01:11:56,2025-12-16 04:22:53,UTC-06:00,2025-12-15 01:11:56,2025-12-15 09:22:19,78,16.5,466,490,181,94,191,24,611,127,95,56,false
2025-12-14 04:59:53,2025-12-15 01:11:56,UTC-06:00,2025-12-14 04:59:53,2025-12-14 10:47:34,60,16.6,332,347,135,77,120,15,630,127,95,53,false
2025-12-13 02:26:21,2025-12-14 04:59:53,UTC-06:00,2025-12-13 02:26:21,2025-12-13 08:27:26,64,15.9,334,361,179,72,83,27,655,127,92,82,false
2025-12-12 02:54:21,2025-12-13 02:26:21,UTC-06:00,2025-12-12 02:54:21,2025-12-12 08:51:28,68,15.4,340,357,126,101,113,17,620,127,95,76,false
2025-12-11 03:08:30,2025-12-12 02:54:21,UTC-06:00,2025-12-11 03:08:30,2025-12-11 09:38:57,69,15.5,366,390,197,64,105,24,622,127,93,59,false
2025-12-10 01:13:54,2025-12-11 03:08:30,UTC-06:00,2025-12-10 01:13:54,2025-12-10 07:24:36,69,14.5,357,370,179,92,86,13,618,127,96,62,false
2025-12-09 01:18:48,2025-12-10 01:13:54,UTC-06:00,2025-12-09 01:18:48,2025-12-09 09:05:49,71,13.7,402,467,202,115,85,65,614,127,86,59,false
2025-12-08 01:13:22,2025-12-09 01:18:48,UTC-06:00,2025-12-08 01:13:22,2025-12-08 08:09:51,69,14.2,383,416,187,99,97,33,610,105,92,42,false
2025-12-07 06:02:14,2025-12-08 01:13:22,UTC-06:00,2025-12-07 06:02:14,2025-12-07 12:19:15,31,15.9,337,377,166,86,85,40,549,72,89,22,false
2025-12-05 23:26:11,2025-12-07 06:02:14,UTC-06:00,2025-12-06 18:27:44,2025-12-06 19:29:44,21,15.8,56,62,44,12,0,6,557,72,91,,true
2025-12-05 23:26:11,2025-12-07 06:02:14,UTC-06:00,2025-12-05 23:26:11,2025-12-06 08:54:27,77,15.1,509,568,280,104,125,59,621,127,89,57,false
2025-12-05 02:49:38,2025-12-05 23:26:11,UTC-06:00,2025-12-05 02:49:38,2025-12-05 08:17:26,64,14.3,312,327,136,78,98,15,578,84,95,64,false
2025-12-04 01:05:12,2025-12-05 02:49:38,UTC-06:00,2025-12-04 01:05:12,2025-12-04 11:10:43,71,14.7,483,605,211,96,176,122,615,127,79,59,false
2025-12-03 01:14:37,2025-12-04 01:05:12,UTC-06:00,2025-12-03 01:14:37,2025-12-03 06:56:30,62,14.2,311,341,155,85,71,30,613,127,92,73,false
2025-12-02 01:37:31,2025-12-03 01:14:37,UTC-06:00,2025-12-02 01:37:31,2025-12-02 07:58:01,69,13.9,346,380,162,90,94,34,615,127,91,74,false
2025-12-01 01:07:07,2025-12-02 01:37:31,UTC-06:00,2025-12-01 01:07:07,2025-12-01 08:09:45,70,14.5,371,422,181,107,83,51,611,127,87,61,false
2025-11-30 02:41:06,2025-12-01 01:07:07,UTC-06:00,2025-11-30 02:41:06,2025-11-30 09:17:28,75,16.2,377,396,134,112,131,19,610,127,95,75,false
2025-11-29 01:45:01,2025-11-30 00:41:06,UTC-08:00,2025-11-29 01:45:01,2025-11-29 08:09:30,71,15.4,360,384,107,78,175,24,613,127,93,68,false
2025-11-28 00:07:24,2025-11-29 01:45:01,UTC-08:00,2025-11-28 00:07:24,2025-11-28 08:08:57,75,16.4,440,481,188,64,188,41,667,127,91,59,false
2025-11-27 03:54:44,2025-11-28 00:07:24,UTC-08:00,2025-11-27 03:54:44,2025-11-27 06:09:35,12,18.0,133,134,39,72,22,1,655,127,98,62,false
2025-11-25 23:33:37,2025-11-27 03:54:44,UTC-08:00,2025-11-25 23:33:37,2025-11-26 07:00:30,76,15.8,427,446,229,81,117,19,655,127,95,67,false
2025-11-25 02:10:33,2025-11-25 23:33:37,UTC-08:00,2025-11-25 02:10:33,2025-11-25 06:13:36,43,16.4,229,243,88,76,65,14,611,127,94,81,false
2025-11-24 01:27:45,2025-11-25 02:10:33,UTC-08:00,2025-11-24 01:27:45,2025-11-24 07:24:03,67,16.6,324,356,97,88,139,32,608,127,91,83,false
2025-11-23 02:23:28,2025-11-24 01:27:45,UTC-08:00,2025-11-23 02:23:28,2025-11-23 07:32:05,54,16.2,301,308,74,78,149,7,638,127,97,68,false
2025-11-22 01:06:31,2025-11-23 02:23:28,UTC-08:00,2025-11-22 01:06:31,2025-11-22 06:41:40,64,16.1,326,335,150,75,101,9,633,127,97,78,false
2025-11-21 02:34:35,2025-11-22 03:06:31,UTC-06:00,2025-11-21 02:34:35,2025-11-21 08:39:38,75,15.6,341,365,137,91,113,24,553,63,93,,false
2025-11-20 00:33:31,2025-11-21 02:34:35,UTC-06:00,2025-11-20 00:33:31,2025-11-20 09:45:48,85,15.1,497,552,224,107,166,55,597,111,90,,false
2025-11-16 23:14:59,2025-11-17 23:14:59,UTC-06:00,2025-11-16 23:14:59,2025-11-17 07:36:19,72,16.6,486,501,206,91,189,15,659,127,97,31,false
2025-11-16 04:00:24,2025-11-16 23:14:59,UTC-06:00,2025-11-16 04:00:24,2025-11-16 08:20:45,17,18.0,247,260,103,87,57,13,575,50,95,30,false
2025-11-15 12:24:41,2025-11-16 04:00:24,UTC-06:00,2025-11-15 12:24:41,2025-11-15 17:41:45,72,16.2,308,317,155,87,66,9,386,0,97,21,false
2025-11-14 01:12:08,2025-11-15 12:24:41,UTC-06:00,2025-11-15 05:57:17,2025-11-15 08:01:41,18,15.7,105,124,60,39,6,19,487,0,84,,true
2025-11-14 01:12:08,2025-11-15 12:24:41,UTC-06:00,2025-11-14 01:12:08,2025-11-14 08:06:46,82,14.9,381,414,209,80,92,33,253,127,92,55,false
2025-11-12 16:02:50,2025-11-14 01:12:08,UTC-06:00,2025-11-13 02:47:52,2025-11-13 09:29:00,69,16.4,387,401,161,107,119,14,608,127,96,,true
2025-11-12 16:02:50,2025-11-14 01:12:08,UTC-06:00,2025-11-12 16:02:50,2025-11-12 19:29:31,21,17.3,192,206,127,31,34,14,661,127,92,19,false
2025-11-11 00:51:17,2025-11-12 16:02:50,UTC-06:00,2025-11-11 00:51:17,2025-11-11 07:24:04,67,16.5,364,392,157,101,106,28,639,127,92,62,false
2025-11-10 01:17:24,2025-11-11 00:51:17,UTC-06:00,2025-11-10 01:17:24,2025-11-10 08:38:11,76,17.0,409,440,162,101,146,31,610,127,92,65,false
2025-11-09 04:13:46,2025-11-10 01:17:24,UTC-06:00,2025-11-09 04:13:46,2025-11-09 09:20:15,53,15.5,295,306,110,77,108,11,620,89,96,54,false
2025-11-08 02:17:24,2025-11-09 04:13:46,UTC-06:00,2025-11-08 02:17:24,2025-11-08 10:39:12,74,14.2,427,501,152,107,168,74,566,127,86,53,false
2025-11-07 01:29:44,2025-11-08 02:17:24,UTC-06:00,2025-11-07 05:20:29,2025-11-07 06:51:20,23,13.8,77,90,30,17,30,12,604,127,86,,true
2025-11-07 01:29:44,2025-11-08 02:17:24,UTC-06:00,2025-11-07 01:29:44,2025-11-07 04:28:19,30,14.5,173,178,82,60,31,5,631,127,97,70,false
2025-11-06 01:51:41,2025-11-07 01:29:44,UTC-06:00,2025-11-06 01:51:41,2025-11-06 07:10:24,69,14.8,311,318,159,77,75,7,539,42,97,61,false
2025-11-05 00:49:37,2025-11-06 01:51:41,UTC-06:00,2025-11-05 00:49:37,2025-11-05 09:39:04,78,14.5,469,529,185,113,171,60,534,47,89,54,false
2025-11-03 22:30:44,2025-11-05 00:49:37,UTC-06:00,2025-11-03 22:30:44,2025-11-04 07:43:35,75,15.0,474,552,224,93,157,78,547,38,85,50,false
2025-11-03 01:17:52,2025-11-03 22:30:44,UTC-06:00,2025-11-03 01:17:52,2025-11-03 07:47:13,78,15.9,375,389,124,87,164,14,436,127,96,51,false
2025-11-02 03:07:25,2025-11-03 01:17:52,UTC-06:00,2025-11-02 14:39:04,2025-11-02 17:40:16,25,16.6,173,181,100,54,19,8,607,127,95,,true
2025-11-02 03:07:25,2025-11-03 01:17:52,UTC-06:00,2025-11-02 03:07:25,2025-11-02 08:16:57,26,17.4,295,309,72,92,131,14,652,127,95,67,false
2025-11-01 02:40:51,2025-11-02 04:07:25,UTC-05:00,2025-11-01 02:40:51,2025-11-01 08:07:30,52,14.7,295,326,124,98,73,31,653,127,90,84,false
2025-10-31 01:01:48,2025-11-01 02:40:51,UTC-05:00,2025-10-31 01:01:48,2025-10-31 07:58:49,70,14.9,401,417,198,85,118,16,670,127,96,70,false
2025-10-30 03:00:58,2025-10-31 01:01:48,UTC-05:00,2025-10-30 03:00:58,2025-10-30 08:49:07,62,16.3,314,348,67,130,117,34,626,127,90,84,false
2025-10-29 03:05:15,2025-10-30 03:00:58,UTC-05:00,2025-10-29 03:05:15,2025-10-29 07:48:51,47,16.3,272,283,90,104,78,11,652,127,95,73,false
2025-10-28 02:40:43,2025-10-29 03:05:15,UTC-05:00,2025-10-28 02:40:43,2025-10-28 09:06:18,72,16.1,365,385,115,111,139,20,629,127,94,77,false
2025-10-27 02:25:25,2025-10-28 02:40:43,UTC-05:00,2025-10-27 02:25:25,2025-10-27 08:08:08,68,16.1,329,342,142,114,73,13,586,81,96,67,false
2025-10-26 02:19:48,2025-10-27 02:25:25,UTC-05:00,2025-10-26 02:19:48,2025-10-26 12:15:49,77,15.3,514,596,209,127,178,82,640,127,86,67,false
2025-10-25 02:35:03,2025-10-26 02:19:48,UTC-05:00,2025-10-25 02:35:03,2025-10-25 10:40:28,80,15.7,449,485,146,106,197,36,651,127,92,75,false
2025-10-24 02:32:15,2025-10-25 02:35:03,UTC-05:00,2025-10-24 02:32:15,2025-10-24 08:27:32,63,16.3,334,355,155,73,106,21,635,127,94,65,false
2025-10-23 03:24:36,2025-10-24 02:32:15,UTC-05:00,2025-10-23 03:24:36,2025-10-23 11:04:35,76,15.1,444,459,208,82,154,15,646,127,96,62,false
2025-10-22 03:37:03,2025-10-23 03:24:36,UTC-05:00,2025-10-22 03:37:03,2025-10-22 07:36:33,35,14.9,227,239,104,68,55,12,629,127,95,60,false
2025-10-21 02:50:41,2025-10-22 03:37:03,UTC-05:00,2025-10-21 02:50:41,2025-10-21 10:47:19,74,14.6,454,476,210,99,145,22,663,127,95,54,false
2025-10-19 23:22:27,2025-10-21 02:50:41,UTC-05:00,2025-10-19 23:22:27,2025-10-20 07:24:52,57,14.4,384,482,195,75,114,98,619,127,79,44,false
2025-10-19 02:13:42,2025-10-19 21:22:27,UTC-07:00,2025-10-19 02:13:42,2025-10-19 07:30:56,17,17.7,219,317,128,56,35,98,617,127,69,59,false
2025-10-18 00:22:32,2025-10-19 02:13:42,UTC-07:00,2025-10-18 00:22:32,2025-10-18 07:59:43,71,16.1,403,457,196,108,99,54,631,127,88,54,false
2025-10-17 01:28:49,2025-10-18 00:22:32,UTC-07:00,2025-10-17 01:28:49,2025-10-17 05:56:02,45,16.5,250,267,144,53,53,17,556,127,93,45,false
2025-10-16 01:56:00,2025-10-17 03:28:49,UTC-05:00,2025-10-16 21:30:44,2025-10-16 23:19:21,10,18.5,80,108,58,16,6,28,635,127,74,,true
2025-10-16 01:56:00,2025-10-17 03:28:49,UTC-05:00,2025-10-16 01:56:00,2025-10-16 07:31:31,72,16.2,323,335,123,90,110,12,522,123,96,57,false
2025-10-15 00:55:18,2025-10-16 01:56:00,UTC-05:00,2025-10-15 17:29:24,2025-10-15 19:18:30,24,16.7,108,109,77,27,4,1,627,123,99,,true
2025-10-15 00:55:18,2025-10-16 01:56:00,UTC-05:00,2025-10-15 00:55:18,2025-10-15 08:31:25,79,15.2,435,456,145,117,173,21,628,88,95,72,false
2025-10-14 00:27:23,2025-10-15 00:55:18,UTC-05:00,2025-10-14 00:27:23,2025-10-14 08:44:52,78,14.7,470,497,164,116,190,27,607,70,94,56,false
2025-10-13 01:13:58,2025-10-14 00:27:23,UTC-05:00,2025-10-13 01:13:58,2025-10-13 07:32:44,76,16.3,363,378,143,87,133,15,472,127,95,48,false
2025-10-12 03:59:45,2025-10-13 01:13:58,UTC-05:00,2025-10-12 15:40:04,2025-10-12 18:21:06,17,17.2,158,161,89,49,20,3,624,127,98,,true
2025-10-12 03:59:45,2025-10-13 01:13:58,UTC-05:00,2025-10-12 03:59:45,2025-10-12 07:53:35,21,17.8,224,225,64,67,93,1,666,127,99,74,false
2025-10-11 02:16:48,2025-10-12 03:59:45,UTC-05:00,2025-10-11 02:16:48,2025-10-11 08:03:21,57,17.1,333,341,134,96,103,8,667,127,97,78,false
2025-10-10 03:29:47,2025-10-11 02:16:48,UTC-05:00,2025-10-10 03:29:47,2025-10-10 07:19:33,28,16.8,223,229,88,78,57,6,622,87,97,62,false
2025-10-08 23:43:51,2025-10-10 03:29:47,UTC-05:00,2025-10-08 23:43:51,2025-10-09 08:29:43,81,14.8,491,525,201,112,178,34,626,127,93,70,false
2025-10-08 02:05:11,2025-10-08 23:43:51,UTC-05:00,2025-10-08 02:05:11,2025-10-08 08:02:43,66,15.5,341,357,147,94,100,16,636,127,95,74,false
2025-10-07 00:58:49,2025-10-08 02:05:11,UTC-05:00,2025-10-07 00:58:49,2025-10-07 08:05:56,76,15.0,402,427,171,86,145,25,636,127,94,73,false
2025-10-06 00:56:10,2025-10-07 00:58:49,UTC-05:00,2025-10-06 00:56:10,2025-10-06 05:05:58,40,15.9,241,249,93,81,67,8,615,127,96,60,false
2025-10-05 00:07:32,2025-10-06 00:56:10,UTC-05:00,2025-10-05 00:07:32,2025-10-05 08:16:22,71,17.3,427,488,273,32,122,61,676,127,87,68,false
2025-10-04 02:00:52,2025-10-05 00:07:32,UTC-05:00,2025-10-04 02:00:52,2025-10-04 06:59:51,56,16.5,287,298,116,78,93,11,605,116,96,69,false
2025-10-02 23:24:08,2025-10-04 02:00:52,UTC-05:00,2025-10-02 23:24:08,2025-10-03 06:51:38,77,16.1,422,445,149,123,150,23,603,118,94,59,false
2025-10-02 01:34:46,2025-10-02 23:24:08,UTC-05:00,2025-10-02 01:34:46,2025-10-02 09:42:10,78,14.7,429,484,165,133,131,55,613,127,88,66,false
2025-10-01 00:18:26,2025-10-02 01:34:46,UTC-05:00,2025-10-01 00:18:26,2025-10-01 06:34:19,72,15.2,364,375,150,106,108,11,592,103,97,60,false
2025-09-30 01:30:29,2025-10-01 00:18:26,UTC-05:00,2025-09-30 01:30:29,2025-09-30 08:46:56,81,15.6,429,436,204,94,131,7,590,107,98,73,false
2025-09-29 00:16:25,2025-09-30 01:30:29,UTC-05:00,2025-09-29 00:16:25,2025-09-29 07:58:49,77,15.6,441,462,168,96,177,21,608,127,95,55,false
2025-09-28 03:59:25,2025-09-29 00:16:25,UTC-05:00,2025-09-28 03:59:25,2025-09-28 10:28:47,26,17.0,315,384,143,83,89,69,645,127,82,55,false
2025-09-27 01:30:23,2025-09-28 03:59:25,UTC-05:00,2025-09-27 01:30:23,2025-09-27 08:54:02,77,15.4,419,439,169,89,161,20,675,127,95,85,false
2025-09-26 01:21:59,2025-09-27 01:30:23,UTC-05:00,2025-09-26 01:21:59,2025-09-26 07:59:00,66,15.0,354,396,112,118,124,42,667,127,89,79,false
2025-09-25 02:57:00,2025-09-26 01:21:59,UTC-05:00,2025-09-25 02:57:00,2025-09-25 08:49:19,62,16.1,329,345,129,82,118,16,645,127,95,72,false
2025-09-24 01:29:39,2025-09-25 02:57:00,UTC-05:00,2025-09-24 01:29:39,2025-09-24 07:45:03,73,16.1,359,375,180,95,84,16,637,127,95,92,false
2025-09-23 01:34:24,2025-09-24 01:29:39,UTC-05:00,2025-09-23 01:34:24,2025-09-23 07:34:25,68,15.4,331,354,127,80,124,23,631,127,93,89,false
2025-09-22 01:38:15,2025-09-23 01:34:24,UTC-05:00,2025-09-22 01:38:15,2025-09-22 07:38:45,67,15.4,331,358,111,109,111,27,620,127,92,85,false
2025-09-21 02:39:15,2025-09-22 01:38:15,UTC-05:00,2025-09-21 02:39:15,2025-09-21 07:20:55,39,16.5,261,281,81,91,89,20,671,127,92,72,false
2025-09-20 00:43:22,2025-09-21 02:39:15,UTC-05:00,2025-09-20 00:43:22,2025-09-20 08:13:16,78,14.6,424,446,226,87,111,22,627,127,95,69,false
2025-09-19 02:15:35,2025-09-20 00:43:22,UTC-05:00,2025-09-19 02:15:35,2025-09-19 07:48:41,60,15.4,320,329,130,76,114,9,634,127,97,64,false
2025-09-18 01:40:45,2025-09-19 02:15:35,UTC-05:00,2025-09-18 01:40:45,2025-09-18 08:25:29,70,15.8,383,404,155,100,128,21,624,127,94,55,false
2025-09-17 00:01:54,2025-09-18 01:40:45,UTC-05:00,2025-09-17 00:01:54,2025-09-17 01:26:54,27,15.9,79,84,26,53,0,5,602,113,93,70,false
2025-09-16 00:20:07,2025-09-17 00:01:54,UTC-05:00,2025-09-16 00:20:07,2025-09-16 08:41:56,80,14.5,465,501,190,116,159,36,640,127,92,68,false
2025-09-15 03:21:41,2025-09-16 00:20:07,UTC-05:00,2025-09-15 03:21:41,2025-09-15 07:49:54,44,15.7,255,263,93,88,74,8,636,127,97,74,false
2025-09-14 02:03:12,2025-09-15 03:21:41,UTC-05:00,2025-09-14 02:03:12,2025-09-14 08:24:22,71,15.4,359,378,140,91,128,19,638,127,95,83,false
2025-09-12 00:57:16,2025-09-14 02:03:12,UTC-05:00,2025-09-12 00:57:16,2025-09-12 07:58:48,79,16.1,397,421,157,95,145,24,642,127,94,88,false
2025-09-11 00:37:29,2025-09-12 00:57:16,UTC-05:00,2025-09-11 00:37:29,2025-09-11 08:18:26,82,15.3,443,460,170,114,159,17,644,127,96,82,false
2025-09-10 02:02:16,2025-09-11 00:37:29,UTC-05:00,2025-09-10 02:02:16,2025-09-10 07:44:01,62,16.0,320,337,142,90,88,17,630,114,94,75,false
2025-09-09 00:23:06,2025-09-10 02:02:16,UTC-05:00,2025-09-09 00:23:06,2025-09-09 08:31:56,83,14.8,457,487,205,93,159,30,635,127,93,80,false
2025-09-08 01:47:54,2025-09-09 00:23:06,UTC-05:00,2025-09-08 01:47:54,2025-09-08 07:49:51,75,16.8,340,361,157,97,86,21,541,45,94,69,false
2025-09-06 23:07:49,2025-09-08 01:47:54,UTC-05:00,2025-09-06 23:07:49,2025-09-07 08:52:47,84,16.1,546,583,271,96,179,37,617,109,93,72,false
2025-09-06 00:51:06,2025-09-06 23:07:49,UTC-05:00,2025-09-06 00:51:06,2025-09-06 09:22:02,83,15.0,473,510,222,91,160,37,643,127,92,81,false
2025-09-05 00:27:14,2025-09-06 00:51:06,UTC-05:00,2025-09-05 00:27:14,2025-09-05 07:58:21,81,15.0,432,451,186,114,132,19,643,126,95,82,false
2025-09-04 00:46:54,2025-09-05 00:27:14,UTC-05:00,2025-09-04 00:46:54,2025-09-04 08:47:34,80,14.6,456,478,234,88,134,22,653,127,95,74,false
2025-09-03 00:15:30,2025-09-04 00:46:54,UTC-05:00,2025-09-03 00:15:30,2025-09-03 07:28:06,74,14.1,402,432,201,97,104,30,629,126,93,60,false
2025-09-02 01:13:01,2025-09-03 00:15:30,UTC-05:00,2025-09-02 01:13:01,2025-09-02 08:40:02,77,14.9,417,446,201,100,116,29,614,107,93,62,false
2025-09-01 02:23:42,2025-09-02 01:13:01,UTC-05:00,2025-09-01 02:23:42,2025-09-01 10:10:26,78,14.7,437,466,152,97,188,29,605,127,93,61,false
2025-08-31 04:02:17,2025-09-01 02:23:42,UTC-05:00,2025-08-31 04:02:17,2025-08-31 06:19:45,13,17.5,131,137,66,47,18,6,653,126,95,66,false
2025-08-30 01:35:10,2025-08-31 04:02:17,UTC-05:00,2025-08-30 01:35:10,2025-08-30 08:59:46,70,15.0,415,444,175,97,143,29,667,127,93,66,false
2025-08-29 04:09:03,2025-08-30 01:35:10,UTC-05:00,2025-08-29 04:09:03,2025-08-29 10:43:12,65,14.4,367,391,175,92,100,24,635,113,93,45,false
2025-08-28 00:37:11,2025-08-29 04:09:03,UTC-05:00,2025-08-28 00:37:11,2025-08-28 09:04:17,81,14.2,459,506,214,99,146,47,635,127,90,73,false
2025-08-27 02:03:33,2025-08-28 00:37:11,UTC-05:00,2025-08-27 02:03:33,2025-08-27 07:29:55,60,14.9,316,326,151,80,85,10,628,127,97,72,false
2025-08-26 00:24:58,2025-08-27 02:03:33,UTC-05:00,2025-08-26 00:24:58,2025-08-26 07:51:59,76,13.1,426,444,188,101,137,18,659,127,95,69,false
2025-08-25 01:08:08,2025-08-26 00:24:58,UTC-05:00,2025-08-25 01:08:08,2025-08-25 07:31:42,69,13.8,358,381,174,99,85,23,620,108,93,61,false
2025-08-24 00:33:32,2025-08-25 01:08:08,UTC-05:00,2025-08-24 00:33:32,2025-08-24 08:34:41,76,14.1,423,479,212,106,105,56,592,111,88,58,false
2025-08-23 04:47:13,2025-08-24 00:33:32,UTC-05:00,2025-08-23 04:47:13,2025-08-23 11:42:02,39,14.9,359,414,205,89,65,55,583,63,86,32,false
2025-08-22 00:20:25,2025-08-23 04:47:13,UTC-05:00,2025-08-22 00:20:25,2025-08-22 08:51:50,86,13.3,452,507,242,99,111,55,551,58,89,85,false
2025-08-21 00:30:47,2025-08-22 00:20:25,UTC-05:00,2025-08-21 00:30:47,2025-08-21 08:16:33,81,13.5,437,461,257,87,93,24,529,3,94,76,false
2025-08-19 23:09:59,2025-08-21 00:30:47,UTC-05:00,2025-08-19 23:09:59,2025-08-20 09:18:01,84,13.6,538,606,334,77,127,68,544,46,88,73,false
2025-08-19 00:10:30,2025-08-19 23:09:59,UTC-05:00,2025-08-19 00:10:30,2025-08-19 09:20:23,81,13.2,491,549,316,98,77,58,563,43,89,68,false
2025-08-18 01:22:59,2025-08-19 00:10:30,UTC-05:00,2025-08-18 01:22:59,2025-08-18 08:13:57,79,13.5,381,410,168,107,106,29,448,12,92,57,false
2025-08-16 22:32:23,2025-08-18 01:22:59,UTC-05:00,2025-08-17 20:09:07,2025-08-17 21:17:51,19,16.8,66,67,42,24,0,1,512,12,98,,true
2025-08-16 22:32:23,2025-08-18 01:22:59,UTC-05:00,2025-08-16 22:32:23,2025-08-17 09:23:41,80,14.1,602,651,301,107,194,49,621,127,92,50,false
2025-08-16 03:20:41,2025-08-16 22:32:23,UTC-05:00,2025-08-16 03:20:41,2025-08-16 09:35:36,69,15.6,362,373,156,87,119,11,634,127,97,74,false
2025-08-15 01:45:28,2025-08-16 03:20:41,UTC-05:00,2025-08-15 01:45:28,2025-08-15 08:33:04,73,14.7,386,406,134,112,140,20,656,127,94,82,false
2025-08-14 03:05:40,2025-08-15 01:45:28,UTC-05:00,2025-08-14 03:05:40,2025-08-14 08:37:48,56,16.3,311,327,62,94,155,16,666,127,95,76,false
2025-08-13 02:39:40,2025-08-14 03:05:40,UTC-05:00,2025-08-13 02:39:40,2025-08-13 08:32:28,67,16.8,331,351,137,78,116,20,608,126,94,72,false
2025-08-11 22:47:37,2025-08-13 00:39:40,UTC-07:00,2025-08-11 22:47:37,2025-08-12 05:06:51,66,17.2,360,379,187,82,91,19,613,127,94,56,false
2025-08-10 23:42:22,2025-08-11 22:47:37,UTC-07:00,2025-08-10 23:42:22,2025-08-11 05:52:00,64,17.2,343,369,160,104,79,26,628,118,92,57,false
2025-08-10 00:40:00,2025-08-10 23:42:22,UTC-07:00,2025-08-10 00:40:00,2025-08-10 08:40:40,82,16.4,446,480,197,117,132,34,631,116,92,82,false
2025-08-09 01:11:12,2025-08-10 00:40:00,UTC-07:00,2025-08-09 01:11:12,2025-08-09 07:55:55,79,17.0,387,404,139,126,122,17,568,77,96,73,false
2025-08-07 23:46:05,2025-08-09 01:11:12,UTC-07:00,2025-08-07 23:46:05,2025-08-08 08:55:00,82,16.5,507,548,273,94,140,41,627,127,92,72,false
2025-08-07 02:09:16,2025-08-07 23:46:05,UTC-07:00,2025-08-07 02:09:16,2025-08-07 09:40:08,82,15.7,426,450,120,121,185,24,630,122,94,83,false
2025-08-06 01:14:54,2025-08-07 02:09:16,UTC-07:00,2025-08-06 01:14:54,2025-08-06 09:46:49,82,16.5,461,511,141,149,171,50,651,127,90,79,false
2025-08-05 01:56:25,2025-08-06 01:14:54,UTC-07:00,2025-08-05 01:56:25,2025-08-05 09:18:09,74,16.6,390,430,116,111,163,40,648,127,90,75,false
2025-08-04 01:11:54,2025-08-05 01:56:25,UTC-07:00,2025-08-04 01:11:54,2025-08-04 07:54:42,72,17.0,365,402,155,95,115,37,620,78,90,75,false
2025-08-03 00:31:39,2025-08-04 01:11:54,UTC-07:00,2025-08-03 00:31:39,2025-08-03 08:58:17,80,16.8,486,506,231,89,166,20,608,127,96,63,false
2025-08-02 03:45:48,2025-08-03 00:31:39,UTC-07:00,2025-08-02 03:45:48,2025-08-02 08:11:08,31,16.8,249,265,147,79,23,16,643,127,93,70,false
2025-08-01 02:59:08,2025-08-02 03:45:48,UTC-07:00,2025-08-01 02:59:08,2025-08-01 08:22:37,53,15.2,301,323,111,83,107,22,643,127,93,63,false
2025-07-31 01:51:48,2025-08-01 02:59:08,UTC-07:00,2025-07-31 01:51:48,2025-07-31 07:19:08,66,16.1,308,325,140,69,99,17,564,50,94,66,false
2025-07-29 23:21:38,2025-07-31 01:51:48,UTC-07:00,2025-07-29 23:21:38,2025-07-30 08:03:38,87,15.3,487,522,252,73,162,35,565,79,93,83,false
2025-07-28 22:50:21,2025-07-29 23:21:38,UTC-07:00,2025-07-28 22:50:21,2025-07-29 08:06:28,78,15.8,486,556,209,88,189,70,608,126,87,66,false
2025-07-28 01:02:01,2025-07-28 23:50:21,UTC-06:00,2025-07-28 01:02:01,2025-07-28 08:27:36,77,14.9,420,444,186,98,136,24,617,112,94,64,false
2025-07-27 02:11:40,2025-07-28 01:02:01,UTC-06:00,2025-07-27 02:11:40,2025-07-27 10:19:33,77,15.0,439,485,247,103,89,46,614,110,90,60,false
2025-07-26 00:24:55,2025-07-27 02:11:40,UTC-06:00,2025-07-26 00:24:55,2025-07-26 08:24:09,72,14.9,455,479,286,77,92,24,627,127,94,53,false
2025-07-25 02:19:31,2025-07-26 00:24:55,UTC-06:00,2025-07-25 02:19:31,2025-07-25 04:13:53,28,16.5,107,114,38,62,7,7,627,119,93,85,false
2025-07-24 01:49:40,2025-07-25 02:19:31,UTC-06:00,2025-07-24 01:49:40,2025-07-24 09:54:38,75,13.4,412,484,221,105,86,72,652,121,85,82,false
2025-07-23 02:23:45,2025-07-24 01:49:40,UTC-06:00,2025-07-23 02:23:45,2025-07-23 09:05:27,75,15.3,360,401,204,90,66,41,604,107,89,85,false
2025-07-22 00:50:33,2025-07-23 01:23:45,UTC-07:00,2025-07-22 00:50:33,2025-07-22 08:09:58,82,13.6,409,439,215,108,86,30,577,68,93,80,false
2025-07-21 01:44:20,2025-07-22 00:50:33,UTC-07:00,2025-07-21 01:44:20,2025-07-21 09:56:22,81,14.6,476,492,268,65,143,16,583,102,96,67,false
2025-07-19 23:52:18,2025-07-21 01:44:20,UTC-07:00,2025-07-19 23:52:18,2025-07-20 08:02:31,84,14.5,469,490,216,105,148,21,629,127,95,83,false
2025-07-19 01:02:54,2025-07-19 23:52:18,UTC-07:00,2025-07-19 01:02:54,2025-07-19 07:55:18,77,15.0,400,412,154,101,145,12,624,108,97,81,false
2025-07-18 00:06:37,2025-07-19 01:02:54,UTC-07:00,2025-07-18 00:06:37,2025-07-18 09:36:12,78,14.6,498,569,350,67,81,71,667,127,87,73,false
2025-07-17 01:15:00,2025-07-18 00:06:37,UTC-07:00,2025-07-17 01:15:00,2025-07-17 08:17:12,78,15.6,403,422,127,110,166,19,615,115,95,77,false
2025-07-16 00:11:31,2025-07-17 01:15:00,UTC-07:00,2025-07-16 00:11:31,2025-07-16 08:07:04,80,14.2,460,475,207,88,165,15,639,101,96,71,false
2025-07-14 23:57:45,2025-07-16 00:11:31,UTC-07:00,2025-07-14 23:57:45,2025-07-15 08:09:07,78,15.4,443,491,210,98,135,48,601,70,90,59,false
2025-07-14 02:03:02,2025-07-14 23:57:45,UTC-07:00,2025-07-14 02:03:02,2025-07-14 08:18:55,77,14.8,356,375,143,112,101,19,466,127,94,52,false
2025-07-13 04:16:44,2025-07-14 02:03:02,UTC-07:00,2025-07-13 14:41:07,2025-07-13 17:15:24,23,16.3,150,152,103,23,24,2,607,127,99,,true
2025-07-13 04:16:44,2025-07-14 02:03:02,UTC-07:00,2025-07-13 04:16:44,2025-07-13 08:03:08,28,15.4,208,224,94,54,60,16,626,127,93,58,false
2025-07-12 01:03:57,2025-07-13 04:16:44,UTC-07:00,2025-07-12 01:03:57,2025-07-12 07:28:29,71,15.4,365,384,159,83,123,19,632,127,95,75,false
2025-07-11 00:31:28,2025-07-12 01:03:57,UTC-07:00,2025-07-11 00:31:28,2025-07-11 08:47:30,80,15.4,452,496,196,108,148,44,665,127,91,75,false
2025-07-10 02:38:38,2025-07-11 00:31:28,UTC-07:00,2025-07-10 02:38:38,2025-07-10 08:02:07,58,15.5,300,323,122,93,85,23,597,82,93,62,false
2025-07-09 00:18:48,2025-07-10 02:38:38,UTC-07:00,2025-07-09 00:18:48,2025-07-09 08:55:02,80,15.5,463,516,212,101,150,53,590,111,89,66,false
2025-07-08 02:11:14,2025-07-09 00:18:48,UTC-07:00,2025-07-08 02:11:14,2025-07-08 09:10:57,73,15.9,379,414,180,70,129,35,552,71,91,43,false
2025-07-07 01:30:01,2025-07-08 05:11:14,UTC-04:00,2025-07-07 01:30:01,2025-07-07 08:48:52,77,14.8,430,438,193,90,147,8,541,61,98,48,false
2025-07-06 03:28:21,2025-07-07 01:30:01,UTC-04:00,2025-07-06 03:28:21,2025-07-06 13:46:00,61,15.9,493,617,269,112,112,124,617,110,79,42,false
2025-07-05 01:45:59,2025-07-06 03:28:21,UTC-04:00,2025-07-05 01:45:59,2025-07-05 10:01:33,81,16.5,485,495,190,97,198,10,657,127,98,76,false
2025-07-04 01:50:45,2025-07-05 01:45:59,UTC-04:00,2025-07-04 01:50:45,2025-07-04 07:16:38,61,16.6,307,324,175,66,66,17,577,93,94,58,false
2025-07-03 02:26:16,2025-07-04 01:50:45,UTC-04:00,2025-07-03 02:26:16,2025-07-03 11:02:01,79,15.3,482,515,192,95,195,33,628,93,93,72,false
2025-07-02 01:30:53,2025-07-03 02:26:16,UTC-04:00,2025-07-02 01:30:53,2025-07-02 09:34:55,82,14.9,465,484,214,110,141,19,611,127,96,75,false
2025-07-01 03:18:02,2025-07-02 01:30:53,UTC-04:00,2025-07-01 03:18:02,2025-07-01 10:16:41,75,15.2,407,414,123,100,184,7,627,127,98,62,false
2025-06-30 01:47:18,2025-07-01 03:18:02,UTC-04:00,2025-06-30 01:47:18,2025-06-30 08:48:51,74,14.6,413,421,188,97,128,8,658,127,98,67,false
2025-06-29 00:23:04,2025-06-30 01:47:18,UTC-04:00,2025-06-29 00:23:04,2025-06-29 08:52:05,39,16.4,375,507,218,49,108,132,637,127,73,41,false
2025-06-28 04:30:34,2025-06-29 00:23:04,UTC-04:00,2025-06-28 04:30:34,2025-06-28 09:26:10,34,16.9,283,294,121,82,80,11,665,127,96,55,false
2025-06-27 02:13:03,2025-06-28 04:30:34,UTC-04:00,2025-06-27 02:13:03,2025-06-27 07:04:49,53,16.4,286,289,116,94,76,3,546,127,99,28,false
2025-06-26 02:15:58,2025-06-26 23:13:03,UTC-07:00,2025-06-26 09:59:01,2025-06-26 11:33:42,21,16.4,84,91,36,40,8,7,608,127,92,,true
2025-06-26 02:15:58,2025-06-26 23:13:03,UTC-07:00,2025-06-26 02:15:58,2025-06-26 04:44:29,31,17.0,144,148,63,59,22,4,644,127,98,85,false
2025-06-25 02:32:54,2025-06-26 02:15:58,UTC-07:00,2025-06-25 02:32:54,2025-06-25 08:31:58,66,15.5,346,352,111,96,139,6,651,113,98,81,false
2025-06-24 02:35:45,2025-06-25 02:32:54,UTC-07:00,2025-06-24 02:35:45,2025-06-24 09:28:38,77,15.7,398,412,156,90,152,14,625,85,96,73,false
2025-06-23 00:36:35,2025-06-24 02:35:45,UTC-07:00,2025-06-23 00:36:35,2025-06-23 08:26:41,86,15.6,436,460,188,113,135,24,568,86,94,87,false
2025-06-22 00:50:58,2025-06-23 00:36:35,UTC-07:00,2025-06-22 00:50:58,2025-06-22 09:20:28,86,15.5,470,506,215,96,159,36,604,122,92,85,false
2025-06-21 01:36:41,2025-06-22 00:50:58,UTC-07:00,2025-06-21 01:36:41,2025-06-21 08:28:37,81,15.5,391,411,179,98,114,20,580,81,95,83,false
2025-06-20 00:39:27,2025-06-21 01:36:41,UTC-07:00,2025-06-20 00:39:27,2025-06-20 09:29:08,85,15.4,474,529,188,144,142,55,601,96,90,82,false
2025-06-19 00:06:43,2025-06-20 00:39:27,UTC-07:00,2025-06-19 00:06:43,2025-06-19 08:29:58,86,15.9,479,503,191,108,180,24,629,127,95,88,false
2025-06-18 01:10:03,2025-06-19 00:06:43,UTC-07:00,2025-06-18 01:10:03,2025-06-18 08:23:08,81,15.7,414,429,182,80,152,15,646,127,96,89,false
2025-06-17 00:55:35,2025-06-18 01:10:03,UTC-07:00,2025-06-17 00:55:35,2025-06-17 08:39:26,82,16.1,442,463,220,80,142,21,663,122,95,85,false
2025-06-16 00:36:02,2025-06-17 00:55:35,UTC-07:00,2025-06-16 00:36:02,2025-06-16 08:11:14,82,16.0,436,454,249,98,89,18,626,126,96,80,false
2025-06-15 00:22:32,2025-06-16 00:36:02,UTC-07:00,2025-06-15 00:22:32,2025-06-15 08:35:42,79,15.8,471,493,201,60,210,22,668,127,95,71,false
2025-06-14 02:45:50,2025-06-15 00:22:32,UTC-07:00,2025-06-14 02:45:50,2025-06-14 08:10:16,63,15.6,312,322,108,85,119,10,599,99,97,69,false
2025-06-13 01:28:24,2025-06-14 02:45:50,UTC-07:00,2025-06-13 01:28:24,2025-06-13 10:12:08,79,15.4,515,519,231,78,206,4,670,127,99,72,false
2025-06-12 02:21:31,2025-06-13 01:28:24,UTC-07:00,2025-06-12 02:21:31,2025-06-12 08:34:30,70,15.1,355,367,149,73,133,12,599,83,96,65,false
2025-06-11 00:27:00,2025-06-12 02:21:31,UTC-07:00,2025-06-11 00:27:00,2025-06-11 10:03:41,80,15.8,527,576,258,87,182,49,657,127,91,65,false
2025-06-09 23:59:48,2025-06-11 00:27:00,UTC-07:00,2025-06-09 23:59:48,2025-06-10 07:34:55,81,15.5,421,452,178,81,162,31,630,114,93,82,false
2025-06-09 00:47:50,2025-06-09 23:59:48,UTC-07:00,2025-06-09 00:47:50,2025-06-09 07:58:52,79,16.1,416,431,190,91,135,15,594,68,96,75,false
2025-06-07 23:07:10,2025-06-09 00:47:50,UTC-07:00,2025-06-07 23:07:10,2025-06-08 07:40:10,79,17.6,474,513,220,92,162,39,581,92,92,68,false
2025-06-06 23:22:01,2025-06-07 23:07:10,UTC-07:00,2025-06-06 23:22:01,2025-06-07 07:33:37,24,17.0,335,491,119,58,158,156,521,85,68,56,false
2025-06-06 00:39:24,2025-06-06 23:22:01,UTC-07:00,2025-06-06 16:00:00,2025-06-06 17:14:00,12,18.2,49,74,21,28,0,25,567,85,98,,true
2025-06-06 00:39:24,2025-06-06 23:22:01,UTC-07:00,2025-06-06 00:39:24,2025-06-06 09:20:17,58,18.2,496,518,329,54,113,22,667,127,95,68,false
2025-06-05 00:34:19,2025-06-06 00:39:24,UTC-07:00,2025-06-05 00:34:19,2025-06-05 06:30:57,47,15.7,291,348,171,77,43,57,619,127,84,72,false
2025-06-04 00:00:37,2025-06-05 00:34:19,UTC-07:00,2025-06-04 08:03:00,2025-06-04 09:03:00,7,17.2,33,60,19,14,0,27,608,127,72,,true
2025-06-04 00:00:37,2025-06-05 00:34:19,UTC-07:00,2025-06-04 00:00:37,2025-06-04 06:02:10,61,15.6,340,357,144,94,102,17,638,127,95,56,false
2025-06-03 02:27:08,2025-06-04 00:00:37,UTC-07:00,2025-06-03 02:27:08,2025-06-03 09:26:33,56,15.8,361,419,127,93,141,58,679,127,86,53,false
2025-06-02 00:03:48,2025-06-03 02:27:08,UTC-07:00,2025-06-02 00:03:48,2025-06-02 06:19:12,68,16.2,359,375,184,96,79,16,655,127,95,76,false
2025-06-01 00:29:28,2025-06-02 00:03:48,UTC-07:00,2025-06-01 00:29:28,2025-06-01 07:23:43,75,16.3,385,414,158,78,149,29,643,127,93,81,false
2025-05-31 00:50:59,2025-06-01 00:29:28,UTC-07:00,2025-05-31 00:50:59,2025-05-31 06:47:45,59,16.1,331,356,161,84,86,25,679,127,92,76,false
2025-05-30 01:31:10,2025-05-31 00:50:59,UTC-07:00,2025-05-30 01:31:10,2025-05-30 07:58:36,70,15.5,370,382,171,96,103,12,663,127,96,78,false
2025-05-29 00:54:06,2025-05-30 01:31:10,UTC-07:00,2025-05-29 00:54:06,2025-05-29 09:25:40,80,15.6,451,510,184,91,176,59,661,127,90,76,false
2025-05-28 01:05:03,2025-05-29 00:54:06,UTC-07:00,2025-05-28 01:05:03,2025-05-28 08:40:00,76,16.2,411,444,139,107,165,33,641,127,92,69,false
2025-05-27 00:13:14,2025-05-28 01:05:03,UTC-07:00,2025-05-27 00:13:14,2025-05-27 07:03:25,71,16.6,385,410,150,79,156,25,643,110,94,61,false
2025-05-26 00:21:18,2025-05-27 00:13:14,UTC-07:00,2025-05-26 00:21:18,2025-05-26 09:10:13,78,15.9,482,528,255,72,155,46,654,127,91,58,false
2025-05-25 04:02:50,2025-05-26 00:21:18,UTC-07:00,2025-05-25 04:02:50,2025-05-25 08:49:09,54,16.1,275,280,99,67,109,5,529,127,98,36,false
2025-05-24 00:20:15,2025-05-25 04:02:50,UTC-07:00,2025-05-24 16:00:00,2025-05-24 18:30:00,21,18.0,150,150,82,25,43,0,676,127,100,,true
2025-05-24 00:20:15,2025-05-25 04:02:50,UTC-07:00,2025-05-24 00:20:15,2025-05-24 07:08:23,73,16.2,392,401,166,62,164,9,663,127,97,78,false
2025-05-23 00:58:10,2025-05-24 00:20:15,UTC-07:00,2025-05-23 00:58:10,2025-05-23 07:54:25,75,16.2,400,408,162,98,140,8,660,127,97,77,false
2025-05-22 01:49:33,2025-05-23 00:58:10,UTC-07:00,2025-05-22 01:49:33,2025-05-22 07:29:23,56,16.5,323,339,161,77,85,16,670,125,95,67,false
2025-05-21 01:12:59,2025-05-22 01:49:33,UTC-07:00,2025-05-21 01:12:59,2025-05-21 08:24:37,71,17.0,389,428,151,106,132,39,639,127,90,58,false
2025-05-20 00:21:54,2025-05-21 02:12:59,UTC-06:00,2025-05-20 00:21:54,2025-05-20 06:31:03,68,16.9,336,360,129,94,113,24,620,127,93,80,false
2025-05-19 01:23:47,2025-05-20 01:21:54,UTC-05:00,2025-05-19 01:23:47,2025-05-19 07:55:31,73,15.9,362,390,157,87,118,28,618,127,92,77,false
2025-05-18 02:14:12,2025-05-19 01:23:47,UTC-05:00,2025-05-18 02:14:12,2025-05-18 09:22:28,80,15.2,419,426,181,84,154,7,643,107,98,85,false
2025-05-17 00:52:26,2025-05-18 02:14:12,UTC-05:00,2025-05-17 00:52:26,2025-05-17 09:13:17,82,14.4,463,487,215,95,153,24,631,127,95,78,false
2025-05-16 02:23:18,2025-05-17 00:52:26,UTC-05:00,2025-05-16 02:23:18,2025-05-16 08:48:48,59,14.0,330,376,98,108,124,46,675,127,87,78,false
2025-05-15 01:41:08,2025-05-16 02:23:18,UTC-05:00,2025-05-15 01:41:08,2025-05-15 08:51:49,77,15.6,416,430,148,109,159,14,660,127,96,76,false
2025-05-14 01:49:35,2025-05-15 01:41:08,UTC-05:00,2025-05-14 01:49:35,2025-05-14 08:03:00,66,15.8,358,368,166,88,104,10,664,116,97,70,false
2025-05-12 23:52:11,2025-05-14 01:49:35,UTC-05:00,2025-05-12 23:52:11,2025-05-13 06:58:27,71,15.8,375,422,169,105,101,47,609,88,88,58,false
2025-05-12 00:26:33,2025-05-12 23:52:11,UTC-05:00,2025-05-12 00:26:33,2025-05-12 10:07:44,81,15.3,504,575,236,91,177,71,642,104,87,75,false
2025-05-11 01:13:07,2025-05-12 00:26:33,UTC-05:00,2025-05-11 01:13:07,2025-05-11 09:19:11,85,15.8,473,485,203,109,161,12,636,127,97,86,false
2025-05-10 01:19:35,2025-05-11 01:13:07,UTC-05:00,2025-05-10 01:19:35,2025-05-10 08:07:50,75,16.6,375,405,110,101,164,30,622,127,92,80,false
2025-05-09 01:51:18,2025-05-10 01:19:35,UTC-05:00,2025-05-09 01:51:18,2025-05-09 09:20:32,77,15.8,436,448,145,105,186,12,663,127,97,69,false
2025-05-08 01:17:12,2025-05-09 01:51:18,UTC-05:00,2025-05-08 01:17:12,2025-05-08 08:35:10,74,16.0,403,436,185,79,139,33,651,127,92,67,false
2025-05-07 01:40:42,2025-05-08 01:17:12,UTC-05:00,2025-05-07 01:40:42,2025-05-07 07:04:40,55,16.7,309,311,115,112,82,2,661,127,99,69,false
2025-05-06 00:21:03,2025-05-07 01:40:42,UTC-05:00,2025-05-06 00:21:03,2025-05-06 07:01:55,73,15.4,392,397,185,99,108,5,632,109,98,65,false
2025-05-05 02:49:07,2025-05-06 00:21:03,UTC-05:00,2025-05-05 02:49:07,2025-05-05 06:31:11,49,16.0,210,221,117,43,50,11,428,107,94,36,false
2025-05-04 00:14:36,2025-05-05 02:49:07,UTC-05:00,2025-05-04 16:38:12,2025-05-04 19:37:00,29,17.5,171,174,96,55,20,3,594,107,98,,true
2025-05-04 00:14:36,2025-05-05 02:49:07,UTC-05:00,2025-05-04 00:14:36,2025-05-04 08:24:23,74,15.9,466,486,221,84,161,20,633,114,95,81,false
2025-05-02 23:33:44,2025-05-04 00:14:36,UTC-05:00,2025-05-02 23:33:44,2025-05-03 07:43:18,73,15.9,473,485,174,118,181,12,651,126,97,83,false
2025-05-02 00:20:55,2025-05-02 23:33:44,UTC-05:00,2025-05-02 00:20:55,2025-05-02 06:59:23,60,15.9,386,397,175,97,114,11,639,93,97,85,false
2025-04-30 23:00:04,2025-05-02 00:20:55,UTC-05:00,2025-04-30 23:00:04,2025-05-01 07:38:42,77,16.2,493,513,233,70,190,20,639,127,96,68,false
2025-04-30 00:22:49,2025-04-30 23:00:04,UTC-05:00,2025-04-30 00:22:49,2025-04-30 07:02:14,55,16.7,377,397,155,87,135,20,680,127,94,81,false
2025-04-29 00:23:38,2025-04-30 00:22:49,UTC-05:00,2025-04-29 00:23:38,2025-04-29 06:46:15,63,16.5,356,382,129,99,128,26,566,127,93,64,false
2025-04-28 00:24:42,2025-04-29 00:23:38,UTC-05:00,2025-04-28 15:16:48,2025-04-28 16:27:56,10,19.1,64,69,44,20,0,5,627,127,92,,true
2025-04-28 00:24:42,2025-04-29 00:23:38,UTC-05:00,2025-04-28 00:24:42,2025-04-28 06:59:48,59,16.8,376,394,165,78,133,18,643,108,95,64,false
2025-04-27 01:02:37,2025-04-28 00:24:42,UTC-05:00,2025-04-27 01:02:37,2025-04-27 10:01:16,75,15.9,505,538,171,86,248,33,674,127,93,67,false
2025-04-26 01:00:39,2025-04-27 01:02:37,UTC-05:00,2025-04-26 01:00:39,2025-04-26 07:45:09,56,18.2,383,401,201,79,103,18,680,127,95,85,false
2025-04-25 01:52:50,2025-04-26 01:00:39,UTC-05:00,2025-04-25 01:52:50,2025-04-25 07:34:11,41,18.3,268,326,138,70,60,47,654,127,82,73,false
2025-04-24 00:00:00,2025-04-25 01:52:50,UTC-05:00,2025-04-24 00:00:00,2025-04-24 07:29:54,60,17.5,407,449,168,87,152,42,679,127,90,63,false
2025-04-23 01:07:23,2025-04-24 00:00:00,UTC-05:00,2025-04-23 01:07:23,2025-04-23 07:01:10,51,17.2,348,352,206,57,85,4,680,127,99,61,false
2025-04-22 00:31:14,2025-04-23 01:07:23,UTC-05:00,2025-04-22 00:31:14,2025-04-22 07:50:33,65,17.2,420,437,200,74,146,17,641,127,96,56,false
2025-04-21 01:56:44,2025-04-22 00:31:14,UTC-05:00,2025-04-21 01:56:44,2025-04-21 09:18:02,66,17.0,406,432,207,73,126,26,619,108,93,51,false
2025-04-20 03:01:09,2025-04-21 01:56:44,UTC-05:00,2025-04-20 03:01:09,2025-04-20 12:17:16,74,16.3,485,554,189,93,203,69,654,127,87,42,false
2025-04-19 02:47:38,2025-04-20 03:01:09,UTC-05:00,2025-04-19 02:47:38,2025-04-19 10:28:47,62,16.3,421,460,228,67,126,39,680,127,91,36,false
2025-04-18 03:41:26,2025-04-19 02:47:38,UTC-05:00,2025-04-18 03:41:26,2025-04-18 06:41:12,29,18.9,174,176,129,25,20,2,603,97,98,42,false
2025-04-17 01:30:39,2025-04-18 03:41:26,UTC-05:00,2025-04-17 01:30:39,2025-04-17 06:38:16,65,18.9,280,298,151,61,68,18,431,107,93,34,false
2025-04-16 01:31:06,2025-04-17 01:30:39,UTC-05:00,2025-04-16 19:00:00,2025-04-16 22:45:00,30,19.1,187,225,116,58,13,38,619,107,84,,true
2025-04-16 01:31:06,2025-04-17 01:30:39,UTC-05:00,2025-04-16 01:31:06,2025-04-16 06:21:05,56,17.1,267,289,141,67,59,21,481,109,92,36,false
2025-04-15 01:40:40,2025-04-16 01:31:06,UTC-05:00,2025-04-15 16:20:00,2025-04-15 19:40:00,24,17.4,145,200,91,36,18,55,617,109,73,,true
2025-04-15 01:40:40,2025-04-16 01:31:06,UTC-05:00,2025-04-15 01:40:40,2025-04-15 07:32:59,66,15.4,328,350,148,81,99,22,498,113,93,30,false
2025-04-14 02:22:36,2025-04-15 01:40:40,UTC-05:00,2025-04-14 12:45:51,2025-04-14 14:54:11,18,17.4,106,126,87,13,6,20,595,113,85,,true
2025-04-14 02:22:36,2025-04-15 01:40:40,UTC-05:00,2025-04-14 02:22:36,2025-04-14 07:23:20,55,16.1,274,298,100,94,80,14,501,127,91,22,false
2025-04-13 04:45:18,2025-04-14 02:22:36,UTC-05:00,2025-04-13 18:49:49,2025-04-13 20:45:10,19,18.0,113,115,94,19,0,2,614,127,98,,true
2025-04-13 04:45:18,2025-04-14 02:22:36,UTC-05:00,2025-04-13 04:45:18,2025-04-13 09:37:33,44,17.1,273,292,140,63,70,19,615,99,93,18,false
2025-04-12 14:04:49,2025-04-13 04:45:18,UTC-05:00,2025-04-12 14:04:49,2025-04-12 19:10:47,60,16.7,295,304,131,88,76,9,493,127,96,11,false
2025-04-11 01:33:40,2025-04-12 14:04:49,UTC-05:00,2025-04-11 10:30:34,2025-04-11 13:45:14,25,17.8,150,194,107,23,20,44,608,127,77,,true
2025-04-11 01:33:40,2025-04-12 14:04:49,UTC-05:00,2025-04-11 01:33:40,2025-04-11 08:08:47,65,15.7,373,383,146,124,103,10,577,62,97,50,false
2025-04-10 03:42:26,2025-04-11 01:33:40,UTC-05:00,2025-04-10 03:42:26,2025-04-10 10:13:13,79,16.2,366,387,155,89,122,21,464,127,94,29,false
2025-04-09 01:13:26,2025-04-10 03:42:26,UTC-05:00,2025-04-09 14:00:05,2025-04-09 16:48:19,27,17.8,161,165,59,73,29,4,608,127,97,,true
2025-04-09 01:13:26,2025-04-10 03:42:26,UTC-05:00,2025-04-09 01:13:26,2025-04-09 07:01:26,52,16.2,334,344,134,90,110,10,640,125,97,58,false
2025-04-08 02:01:52,2025-04-09 01:13:26,UTC-05:00,2025-04-08 02:01:52,2025-04-08 08:39:52,60,15.8,382,386,175,91,116,4,633,127,98,53,false
2025-04-07 02:22:43,2025-04-08 02:01:52,UTC-05:00,2025-04-07 02:22:43,2025-04-07 03:24:48,9,17.3,44,57,15,29,0,13,507,14,77,61,false
2025-04-06 01:39:50,2025-04-07 02:22:43,UTC-05:00,2025-04-06 01:39:50,2025-04-06 11:44:02,96,15.9,528,600,223,105,200,72,550,61,88,66,false
2025-04-05 01:00:23,2025-04-06 01:39:50,UTC-05:00,2025-04-05 01:00:23,2025-04-05 10:37:10,85,18.2,526,574,280,70,176,48,622,116,91,66,false
2025-04-04 01:06:56,2025-04-05 01:00:23,UTC-05:00,2025-04-04 01:06:56,2025-04-04 07:59:49,62,15.9,380,412,170,111,99,32,613,110,92,80,false
2025-04-03 02:05:19,2025-04-04 01:06:56,UTC-05:00,2025-04-03 02:05:19,2025-04-03 08:31:17,63,16.0,373,381,111,104,158,8,595,105,97,70,false
2025-04-02 01:40:16,2025-04-03 02:05:19,UTC-05:00,2025-04-02 01:40:16,2025-04-02 08:06:44,64,16.0,379,386,126,104,149,7,590,87,98,62,false
2025-04-01 00:26:38,2025-04-02 01:40:16,UTC-05:00,2025-04-01 00:26:38,2025-04-01 07:46:01,70,16.1,401,435,176,107,118,34,577,84,92,50,false
2025-03-31 01:29:32,2025-04-01 00:26:38,UTC-05:00,2025-03-31 01:29:32,2025-03-31 07:08:54,72,15.7,331,336,125,100,106,5,463,127,98,34,false
2025-03-30 03:25:49,2025-03-31 01:29:32,UTC-05:00,2025-03-30 13:08:22,2025-03-30 16:52:21,24,15.5,148,223,115,22,11,75,609,127,66,,true
2025-03-30 03:25:49,2025-03-31 01:29:32,UTC-05:00,2025-03-30 03:25:49,2025-03-30 07:58:21,49,17.5,262,271,118,64,80,9,537,0,96,33,false
2025-03-28 21:28:09,2025-03-30 03:25:49,UTC-05:00,2025-03-28 21:28:09,2025-03-29 10:49:54,100,15.6,624,801,341,100,183,177,589,86,77,28,false
2025-03-28 00:55:25,2025-03-28 21:28:09,UTC-05:00,2025-03-28 00:55:25,2025-03-28 07:14:39,68,16.4,359,379,161,110,88,20,531,42,94,63,false
2025-03-27 02:02:40,2025-03-28 00:55:25,UTC-05:00,2025-03-27 02:02:40,2025-03-27 08:31:16,85,16.2,369,385,168,88,113,16,435,127,95,42,false
2025-03-26 00:50:03,2025-03-27 02:02:40,UTC-05:00,2025-03-26 12:30:00,2025-03-26 16:00:00,31,17.6,188,210,92,52,44,22,610,127,90,,true
2025-03-26 00:50:03,2025-03-27 02:02:40,UTC-05:00,2025-03-26 00:50:03,2025-03-26 07:14:06,53,17.1,358,384,121,101,136,26,674,127,93,72,false
2025-03-25 02:54:28,2025-03-26 00:50:03,UTC-05:00,2025-03-25 02:54:28,2025-03-25 08:03:04,48,16.3,302,305,106,84,112,3,627,82,99,58,false
2025-03-24 01:05:56,2025-03-25 02:54:28,UTC-05:00,2025-03-24 01:05:56,2025-03-24 07:20:48,67,16.4,331,373,128,114,89,17,496,4,88,63,false
2025-03-23 00:22:35,2025-03-24 01:05:56,UTC-05:00,2025-03-23 00:22:35,2025-03-23 10:44:32,99,16.7,573,621,283,103,187,48,581,75,92,55,false
2025-03-22 01:02:17,2025-03-23 00:22:35,UTC-05:00,2025-03-22 01:02:17,2025-03-22 09:20:14,80,16.6,478,497,228,118,132,19,595,86,96,50,false
2025-03-20 23:53:39,2025-03-22 01:02:17,UTC-05:00,2025-03-20 23:53:39,2025-03-21 07:16:50,71,15.9,417,441,216,108,93,24,590,82,94,59,false
2025-03-19 23:28:27,2025-03-20 23:53:39,UTC-05:00,2025-03-19 23:28:27,2025-03-20 07:07:58,73,15.6,448,458,230,88,130,10,614,106,97,41,false
2025-03-19 00:30:48,2025-03-19 23:28:27,UTC-05:00,2025-03-19 00:30:48,2025-03-19 07:15:55,46,15.0,206,244,123,62,21,34,454,106,86,29,false
2025-03-18 00:07:33,2025-03-19 00:30:48,UTC-05:00,2025-03-18 17:12:48,2025-03-18 19:58:38,26,17.5,161,165,85,50,26,4,610,106,97,,true
2025-03-18 00:07:33,2025-03-19 00:30:48,UTC-05:00,2025-03-18 00:07:33,2025-03-18 07:12:57,66,15.5,413,422,179,129,105,9,626,104,97,46,false
2025-03-17 01:32:26,2025-03-18 00:07:33,UTC-05:00,2025-03-17 01:32:26,2025-03-17 07:16:35,61,16.8,330,344,182,85,63,14,539,13,95,64,false
2025-03-16 01:33:49,2025-03-17 01:32:26,UTC-05:00,2025-03-16 01:33:49,2025-03-16 10:25:08,96,16.5,512,531,224,96,192,19,533,127,96,66,false
2025-03-15 01:03:54,2025-03-15 23:33:49,UTC-07:00,2025-03-15 09:12:51,2025-03-15 12:22:29,20,17.3,121,189,57,53,11,68,608,127,65,,true
2025-03-15 01:03:54,2025-03-15 23:33:49,UTC-07:00,2025-03-15 01:03:54,2025-03-15 05:21:32,46,17.7,248,254,80,101,67,6,541,50,97,84,false
2025-03-14 02:00:06,2025-03-15 01:03:54,UTC-07:00,2025-03-14 02:00:06,2025-03-14 09:37:13,81,16.8,433,449,158,116,159,16,535,31,96,75,false
2025-03-13 00:08:53,2025-03-14 02:00:06,UTC-07:00,2025-03-13 00:08:53,2025-03-13 09:10:27,91,17.9,505,541,196,106,203,36,553,28,93,79,false
2025-03-12 00:12:41,2025-03-13 00:08:53,UTC-07:00,2025-03-12 00:12:41,2025-03-12 10:12:53,92,18.3,533,600,242,91,200,67,577,73,88,73,false
2025-03-11 01:05:17,2025-03-12 00:12:41,UTC-07:00,2025-03-11 01:05:17,2025-03-11 09:17:00,80,17.2,466,491,167,119,180,25,580,85,94,80,false
2025-03-10 01:09:33,2025-03-11 01:05:17,UTC-07:00,2025-03-10 01:09:33,2025-03-10 08:55:10,72,17.5,433,457,138,114,181,24,605,93,94,69,false
2025-03-09 04:06:46,2025-03-10 01:09:33,UTC-07:00,2025-03-09 04:06:46,2025-03-09 10:06:47,64,17.5,333,359,121,79,133,26,521,34,92,55,false
2025-03-07 23:31:41,2025-03-09 03:06:46,UTC-08:00,2025-03-07 23:31:41,2025-03-08 08:18:01,90,17.6,492,526,163,115,214,34,546,61,93,,false
2025-03-07 00:36:44,2025-03-07 23:31:41,UTC-08:00,2025-03-07 00:36:44,2025-03-07 07:24:20,76,18.0,392,402,147,107,138,10,516,0,97,,false
