Cycle start time,Cycle end time,Cycle timezone,Workout start time,Workout end time,Duration (min),Activity name,Activity Strain,Energy burned (cal),Max HR (bpm),Average HR (bpm),HR Zone 1 %,HR Zone 2 %,HR Zone 3 %,HR Zone 4 %,HR Zone 5 %,GPS enabled
2026-03-10 00:33:16,,UTC-07:00,2026-03-10 17:24:00,2026-03-10 18:19:29,55,Weightlifting,13.3,434.0,169,133,76,23,1,0,0,false
2026-03-10 00:33:16,,UTC-07:00,2026-03-10 11:52:30,2026-03-10 12:25:26,32,Activity,7.8,172.0,184,142,16,7,15,7,0,false
2026-03-09 02:04:14,2026-03-10 00:33:16,UTC-07:00,2026-03-09 10:22:30,2026-03-09 11:43:29,80,Running,16.6,992.0,195,155,20,13,25,36,3,false
2026-03-08 01:28:41,2026-03-09 02:04:14,UTC-07:00,2026-03-08 18:00:00,2026-03-08 19:07:29,67,Running,15.2,825.0,185,155,13,20,42,25,0,false
2026-03-07 01:55:40,2026-03-08 00:28:41,UTC-08:00,2026-03-07 15:49:30,2026-03-07 16:05:59,16,Powerlifting,4.5,32.0,131,103,21,0,0,0,0,false
2026-03-06 06:53:29,2026-03-07 03:55:40,UTC-06:00,2026-03-06 14:48:00,2026-03-06 15:13:29,25,Field Hockey,6.7,196.0,161,133,70,28,2,0,0,false
2026-03-04 23:55:13,2026-03-06 06:53:29,UTC-06:00,2026-03-05 20:12:00,2026-03-05 20:46:29,34,Activity,6.8,236.0,155,128,94,6,0,0,0,false
2026-03-04 23:55:13,2026-03-06 06:53:29,UTC-06:00,2026-03-05 12:39:00,2026-03-05 12:58:29,19,Powerlifting,6.7,145.0,152,131,80,20,0,0,0,false
2026-03-04 01:02:48,2026-03-04 23:55:13,UTC-06:00,2026-03-04 16:03:00,2026-03-04 16:51:16,48,Activity,16.0,723.0,192,168,4,14,18,49,15,false
2026-03-03 00:00:29,2026-03-04 01:02:48,UTC-06:00,2026-03-03 15:30:00,2026-03-03 15:47:59,17,Powerlifting,6.0,120.0,150,127,89,11,0,0,0,false
2026-03-01 22:00:48,2026-03-03 00:00:29,UTC-06:00,2026-03-02 10:16:30,2026-03-02 10:31:29,14,Powerlifting,4.8,72.0,137,118,86,0,0,0,0,false
2026-02-28 01:31:16,2026-03-01 07:11:47,UTC-06:00,2026-03-01 00:55:30,2026-03-01 01:41:59,46,Dance,7.0,263.0,154,122,96,3,0,0,0,false
2026-02-28 01:31:16,2026-03-01 07:11:47,UTC-06:00,2026-02-28 23:52:30,2026-03-01 00:26:59,34,Dance,6.6,217.0,157,125,91,7,0,0,0,false
2026-02-28 01:31:16,2026-03-01 07:11:47,UTC-06:00,2026-02-28 22:55:30,2026-02-28 23:13:29,17,Activity,5.0,88.0,145,118,83,2,0,0,0,false
2026-02-28 01:31:16,2026-03-01 07:11:47,UTC-06:00,2026-02-28 19:25:30,2026-02-28 20:40:29,74,Dance,9.1,427.0,169,122,68,14,1,0,0,false
2026-02-28 01:31:16,2026-03-01 07:11:47,UTC-06:00,2026-02-28 18:06:00,2026-02-28 19:11:59,65,Dance,9.3,417.0,171,125,68,14,6,0,0,false
2026-02-28 01:31:16,2026-03-01 07:11:47,UTC-06:00,2026-02-28 14:58:30,2026-02-28 15:59:59,61,Basketball,11.7,555.0,175,139,46,35,18,1,0,false
2026-02-28 01:31:16,2026-03-01 07:11:47,UTC-06:00,2026-02-28 12:48:00,2026-02-28 13:41:59,53,Powerlifting,13.1,399.0,166,131,73,25,2,0,0,false
2026-02-28 01:31:16,2026-03-01 07:11:47,UTC-06:00,2026-02-28 12:13:30,2026-02-28 12:32:59,19,Activity,5.5,116.0,159,124,70,15,1,0,0,false
2026-02-27 04:47:14,2026-02-28 01:31:16,UTC-06:00,2026-02-27 19:07:30,2026-02-27 20:20:59,73,Dance,10.0,469.0,171,126,59,20,6,0,0,false
2026-02-27 04:47:14,2026-02-28 01:31:16,UTC-06:00,2026-02-27 18:24:00,2026-02-27 18:44:59,20,Activity,6.0,149.0,163,129,75,22,3,0,0,false
2026-02-27 04:47:14,2026-02-28 01:31:16,UTC-06:00,2026-02-27 17:24:00,2026-02-27 17:37:29,13,Basketball,5.3,101.0,163,131,80,17,3,0,0,false
2026-02-27 04:47:14,2026-02-28 01:31:16,UTC-06:00,2026-02-27 11:03:00,2026-02-27 11:58:29,55,Powerlifting,12.8,343.0,159,125,68,19,0,0,0,false
2026-02-26 02:46:09,2026-02-27 04:47:14,UTC-06:00,2026-02-26 21:39:00,2026-02-26 22:10:29,31,Activity,6.2,175.0,164,122,73,9,2,0,0,false
2026-02-26 02:46:09,2026-02-27 04:47:14,UTC-06:00,2026-02-26 20:40:30,2026-02-26 20:55:29,14,Activity,5.4,108.0,154,130,86,14,0,0,0,false
2026-02-26 02:46:09,2026-02-27 04:47:14,UTC-06:00,2026-02-26 19:25:30,2026-02-26 20:20:59,55,Dance,11.2,522.0,174,141,35,53,11,1,0,false
2026-02-26 02:46:09,2026-02-27 04:47:14,UTC-06:00,2026-02-26 18:16:30,2026-02-26 18:49:29,32,Activity,7.2,228.0,174,128,69,18,8,0,0,false
2026-02-26 02:46:09,2026-02-27 04:47:14,UTC-06:00,2026-02-26 17:30:00,2026-02-26 17:52:29,22,Activity,5.3,110.0,153,118,82,6,0,0,0,false
2026-02-26 02:46:09,2026-02-27 04:47:14,UTC-06:00,2026-02-26 12:43:30,2026-02-26 12:59:59,16,Powerlifting,5.5,107.0,150,126,88,7,0,0,0,false
2026-02-26 02:46:09,2026-02-27 04:47:14,UTC-06:00,2026-02-26 12:09:00,2026-02-26 12:31:29,22,Powerlifting,6.6,87.0,152,113,56,5,0,0,0,false
2026-02-25 03:34:00,2026-02-26 02:46:09,UTC-06:00,2026-02-25 19:07:30,2026-02-25 20:49:29,101,Activity,9.1,455.0,160,115,60,4,0,0,0,false
2026-02-24 00:56:27,2026-02-25 03:34:00,UTC-06:00,2026-02-24 18:27:00,2026-02-24 18:47:59,20,Activity,5.2,100.0,153,116,69,5,0,0,0,false
2026-02-24 00:56:27,2026-02-25 03:34:00,UTC-06:00,2026-02-24 17:10:30,2026-02-24 18:04:29,53,Activity,8.3,341.0,164,124,73,14,1,0,0,false
2026-02-24 00:56:27,2026-02-25 03:34:00,UTC-06:00,2026-02-24 11:24:00,2026-02-24 11:52:29,28,Powerlifting,8.5,150.0,149,119,73,3,0,0,0,false
2026-02-23 02:05:33,2026-02-24 00:56:27,UTC-06:00,2026-02-23 20:21:00,2026-02-23 20:38:59,17,Activity,5.4,110.0,153,123,80,8,0,0,0,false
2026-02-23 02:05:33,2026-02-24 00:56:27,UTC-06:00,2026-02-23 19:00:00,2026-02-23 19:28:29,28,Activity,7.0,200.0,159,128,42,35,1,0,0,false
2026-02-23 02:05:33,2026-02-24 00:56:27,UTC-06:00,2026-02-23 14:16:30,2026-02-23 14:32:59,16,Activity,4.8,70.0,145,113,63,1,0,0,0,false
2026-02-23 02:05:33,2026-02-24 00:56:27,UTC-06:00,2026-02-23 10:19:30,2026-02-23 10:32:59,13,Powerlifting,4.7,61.0,138,115,81,0,0,0,0,false
2026-02-22 04:34:01,2026-02-23 02:05:33,UTC-06:00,2026-02-22 18:16:30,2026-02-22 18:53:59,37,Activity,6.4,195.0,160,119,63,6,0,0,0,false
2026-02-21 03:47:59,2026-02-22 04:34:01,UTC-06:00,2026-02-21 22:03:00,2026-02-21 22:34:29,31,Activity,7.1,226.0,169,128,69,17,2,0,0,false
2026-02-21 03:47:59,2026-02-22 04:34:01,UTC-06:00,2026-02-21 20:45:00,2026-02-21 21:28:29,43,Activity,5.8,153.0,142,109,42,0,0,0,0,false
2026-02-21 03:47:59,2026-02-22 04:34:01,UTC-06:00,2026-02-21 14:28:30,2026-02-21 14:50:59,22,Activity,7.7,226.0,162,142,40,58,2,0,0,false
2026-02-20 01:45:41,2026-02-21 03:47:59,UTC-06:00,2026-02-20 20:09:00,2026-02-20 21:05:59,56,Activity,9.8,440.0,171,130,67,22,3,0,0,false
2026-02-20 01:45:41,2026-02-21 03:47:59,UTC-06:00,2026-02-20 19:21:00,2026-02-20 19:52:29,31,Activity,5.7,145.0,149,114,61,0,0,0,0,false
2026-02-20 01:45:41,2026-02-21 03:47:59,UTC-06:00,2026-02-20 11:46:30,2026-02-20 11:59:59,13,Powerlifting,4.9,77.0,140,120,78,0,0,0,0,false
2026-02-19 02:19:36,2026-02-20 01:45:41,UTC-06:00,2026-02-19 18:07:30,2026-02-19 21:13:29,185,Activity,14.5,1274.0,179,125,71,12,3,0,0,false
2026-02-19 02:19:36,2026-02-20 01:45:41,UTC-06:00,2026-02-19 12:22:30,2026-02-19 12:49:29,26,Powerlifting,8.1,150.0,141,119,83,0,0,0,0,false
2026-02-19 02:19:36,2026-02-20 01:45:41,UTC-06:00,2026-02-19 11:39:00,2026-02-19 12:07:29,28,Powerlifting,8.1,123.0,146,113,56,0,0,0,0,false
2026-02-18 01:52:05,2026-02-19 02:19:36,UTC-06:00,2026-02-18 20:21:00,2026-02-18 20:34:29,13,Activity,5.4,96.0,161,127,54,28,3,0,0,false
2026-02-18 01:52:05,2026-02-19 02:19:36,UTC-06:00,2026-02-18 18:09:00,2026-02-18 19:07:29,58,Activity,7.5,305.0,154,117,69,2,0,0,0,false
2026-02-18 01:52:05,2026-02-19 02:19:36,UTC-06:00,2026-02-18 10:15:00,2026-02-18 10:43:29,28,Powerlifting,8.0,111.0,135,110,47,0,0,0,0,false
2026-02-17 02:07:55,2026-02-18 01:52:05,UTC-06:00,2026-02-17 20:49:31,2026-02-17 21:52:29,62,Activity,7.5,300.0,169,115,53,3,1,0,0,false
2026-02-17 02:07:55,2026-02-18 01:52:05,UTC-06:00,2026-02-17 16:28:30,2026-02-17 17:05:59,37,Activity,7.7,268.0,168,127,57,21,2,0,0,false
2026-02-16 01:27:31,2026-02-17 02:07:55,UTC-06:00,2026-02-16 21:27:00,2026-02-16 21:58:29,31,Activity,5.7,142.0,161,114,53,5,0,0,0,false
2026-02-16 01:27:31,2026-02-17 02:07:55,UTC-06:00,2026-02-16 19:24:00,2026-02-16 20:04:29,40,Activity,6.9,238.0,161,121,75,4,0,0,0,false
2026-02-16 01:27:31,2026-02-17 02:07:55,UTC-06:00,2026-02-16 10:16:30,2026-02-16 10:35:59,19,Powerlifting,5.7,75.0,143,110,43,0,0,0,0,false
2026-02-15 03:51:58,2026-02-16 01:27:31,UTC-06:00,2026-02-15 16:31:30,2026-02-15 18:17:59,106,Activity,10.6,555.0,172,118,53,9,2,0,0,false
2026-02-14 04:07:27,2026-02-15 03:51:58,UTC-06:00,2026-02-14 22:22:30,2026-02-14 22:35:59,13,Activity,5.7,118.0,154,136,74,26,0,0,0,false
2026-02-12 23:40:35,2026-02-14 04:07:27,UTC-06:00,2026-02-13 16:42:00,2026-02-13 18:07:29,85,Activity,9.7,502.0,156,121,78,6,0,0,0,false
2026-02-12 23:40:35,2026-02-14 04:07:27,UTC-06:00,2026-02-13 11:43:30,2026-02-13 12:14:59,31,Weightlifting,8.5,104.0,147,108,30,0,0,0,0,false
2026-02-12 00:28:20,2026-02-12 23:40:35,UTC-06:00,2026-02-12 19:37:30,2026-02-12 20:05:59,28,Basketball,7.3,225.0,174,132,70,18,8,0,0,false
2026-02-12 00:28:20,2026-02-12 23:40:35,UTC-06:00,2026-02-12 12:12:00,2026-02-12 12:26:59,14,Powerlifting,4.8,63.0,147,112,47,0,0,0,0,false
2026-02-10 23:11:32,2026-02-12 00:28:20,UTC-06:00,2026-02-11 10:22:30,2026-02-11 10:38:59,16,Weightlifting,4.9,70.0,146,115,68,0,0,0,0,false
2026-02-10 02:58:15,2026-02-10 23:11:32,UTC-06:00,2026-02-10 19:52:30,2026-02-10 20:50:59,58,Activity,6.9,237.0,155,115,49,6,0,0,0,false
2026-02-09 00:24:32,2026-02-10 02:58:15,UTC-06:00,2026-02-10 00:09:00,2026-02-10 00:38:59,29,Activity,12.2,301.0,207,139,16,8,16,9,27,false
2026-02-09 00:24:32,2026-02-10 02:58:15,UTC-06:00,2026-02-09 10:22:30,2026-02-09 10:46:29,23,Weightlifting,4.6,63.0,138,108,38,0,0,0,0,false
2026-02-08 02:30:38,2026-02-09 00:24:32,UTC-06:00,2026-02-08 14:55:30,2026-02-08 15:49:29,53,Activity,6.0,184.0,158,111,49,3,0,0,0,false
2026-02-07 01:07:02,2026-02-08 02:30:38,UTC-06:00,2026-02-08 00:24:00,2026-02-08 00:41:59,17,Dance,5.5,104.0,166,123,29,26,3,0,0,false
2026-02-07 01:07:02,2026-02-08 02:30:38,UTC-06:00,2026-02-07 23:42:00,2026-02-08 00:08:59,26,Activity,5.7,140.0,149,122,75,6,0,0,0,false
2026-02-07 01:07:02,2026-02-08 02:30:38,UTC-06:00,2026-02-07 22:37:30,2026-02-07 22:53:59,16,Activity,4.4,48.0,144,107,47,0,0,0,0,false
2026-02-07 01:07:02,2026-02-08 02:30:38,UTC-06:00,2026-02-07 13:22:30,2026-02-07 14:11:59,49,Activity,7.7,288.0,163,125,69,16,1,0,0,false
2026-02-02 23:11:02,2026-02-04 00:12:26,UTC-06:00,2026-02-03 21:33:00,2026-02-03 21:47:59,14,Activity,4.8,67.0,146,119,80,3,0,0,0,false
2026-02-02 23:11:02,2026-02-04 00:12:26,UTC-06:00,2026-02-03 19:42:00,2026-02-03 21:17:59,95,Activity,8.5,431.0,147,119,85,0,0,0,0,false
2026-02-01 01:17:52,2026-02-01 23:51:23,UTC-06:00,2026-02-01 21:10:30,2026-02-01 21:47:59,37,Activity,4.9,89.0,136,108,41,0,0,0,0,false
2026-02-01 01:17:52,2026-02-01 23:51:23,UTC-06:00,2026-02-01 19:55:30,2026-02-01 20:34:29,38,Activity,7.6,250.0,182,130,57,17,11,1,0,false
2026-01-30 02:25:47,2026-01-31 00:01:19,UTC-06:00,2026-01-30 10:49:30,2026-01-30 11:29:59,40,Activity,5.2,112.0,148,111,47,0,0,0,0,false
2026-01-29 00:03:13,2026-01-30 02:25:47,UTC-06:00,2026-01-29 20:51:00,2026-01-29 22:32:59,101,Activity,8.9,460.0,165,120,77,6,0,0,0,false
2026-01-29 00:03:13,2026-01-30 02:25:47,UTC-06:00,2026-01-29 14:09:00,2026-01-29 14:31:29,22,Running,11.5,317.0,185,165,5,2,41,52,0,false
2026-01-29 00:03:13,2026-01-30 02:25:47,UTC-06:00,2026-01-29 11:52:30,2026-01-29 12:32:59,40,Activity,5.7,152.0,148,116,74,0,0,0,0,false
2026-01-28 02:23:43,2026-01-29 00:03:13,UTC-06:00,2026-01-28 15:27:00,2026-01-28 16:02:59,35,Running,13.9,518.0,191,166,5,2,34,56,3,false
2026-01-28 02:23:43,2026-01-29 00:03:13,UTC-06:00,2026-01-28 14:16:30,2026-01-28 14:31:29,14,Walking,4.5,48.0,145,111,62,0,0,0,0,false
2026-01-28 02:23:43,2026-01-29 00:03:13,UTC-06:00,2026-01-28 10:49:30,2026-01-28 11:04:29,14,Activity,4.3,37.0,136,107,37,0,0,0,0,false
2026-01-26 22:06:18,2026-01-28 02:23:43,UTC-06:00,2026-01-27 21:49:30,2026-01-27 22:02:59,13,Activity,4.8,68.0,147,120,89,3,0,0,0,false
2026-01-26 22:06:18,2026-01-28 02:23:43,UTC-06:00,2026-01-27 20:48:00,2026-01-27 21:16:29,28,Activity,5.9,164.0,150,123,94,4,0,0,0,false
2026-01-26 22:06:18,2026-01-28 02:23:43,UTC-06:00,2026-01-27 19:06:00,2026-01-27 20:31:29,85,Activity,9.1,470.0,159,122,91,4,0,0,0,false
2026-01-26 22:06:18,2026-01-28 02:23:43,UTC-06:00,2026-01-27 18:34:30,2026-01-27 18:52:29,17,Activity,5.8,138.0,156,133,76,24,0,0,0,false
2026-01-26 22:06:18,2026-01-28 02:23:43,UTC-06:00,2026-01-27 12:25:30,2026-01-27 13:02:59,37,Activity,14.1,539.0,191,166,7,3,36,54,0,false
2026-01-26 02:04:17,2026-01-26 22:06:18,UTC-06:00,2026-01-26 15:33:00,2026-01-26 16:44:59,71,Activity,17.5,1063.0,196,167,2,5,38,55,0,false
2026-01-25 03:30:44,2026-01-26 02:04:17,UTC-06:00,2026-01-25 22:57:00,2026-01-25 23:10:29,13,Activity,4.9,81.0,149,123,86,7,0,0,0,false
2026-01-24 00:46:11,2026-01-25 03:30:44,UTC-06:00,2026-01-25 00:52:30,2026-01-25 01:19:29,26,Activity,6.9,208.0,157,132,60,34,0,0,0,false
2026-01-24 00:46:11,2026-01-25 03:30:44,UTC-06:00,2026-01-24 23:19:30,2026-01-25 00:37:29,77,Dance,12.5,681.0,179,137,49,38,10,0,0,false
2026-01-24 00:46:11,2026-01-25 03:30:44,UTC-06:00,2026-01-24 22:34:30,2026-01-24 23:02:59,28,Activity,5.8,155.0,152,120,86,3,0,0,0,false
2026-01-24 00:46:11,2026-01-25 03:30:44,UTC-06:00,2026-01-24 20:28:30,2026-01-24 22:14:59,106,Activity,11.3,688.0,168,125,88,4,0,0,0,false
2026-01-22 01:38:27,2026-01-23 01:21:09,UTC-06:00,2026-01-22 13:06:00,2026-01-22 13:19:29,13,Activity,4.8,73.0,145,119,80,1,0,0,0,false
2026-01-22 01:38:27,2026-01-23 01:21:09,UTC-06:00,2026-01-22 12:22:30,2026-01-22 12:40:29,17,Weightlifting,5.1,95.0,145,118,79,1,0,0,0,false
2026-01-22 01:38:27,2026-01-23 01:21:09,UTC-06:00,2026-01-22 11:36:00,2026-01-22 11:58:29,22,Weightlifting,4.8,76.0,130,109,36,0,0,0,0,false
2026-01-21 00:25:54,2026-01-22 01:38:27,UTC-06:00,2026-01-21 14:48:00,2026-01-21 15:14:59,26,Activity,5.4,122.0,143,114,56,0,0,0,0,false
2026-01-20 01:45:53,2026-01-21 00:25:54,UTC-06:00,2026-01-20 19:42:00,2026-01-20 20:34:29,52,Activity,7.4,289.0,153,119,78,4,0,0,0,false
2026-01-20 01:45:53,2026-01-21 00:25:54,UTC-06:00,2026-01-20 17:16:30,2026-01-20 17:31:29,14,Activity,6.9,159.0,177,145,23,50,26,1,0,false
2026-01-20 01:45:53,2026-01-21 00:25:54,UTC-06:00,2026-01-20 12:15:00,2026-01-20 12:40:29,25,Weightlifting,5.5,134.0,144,118,84,0,0,0,0,false
2026-01-19 04:24:12,2026-01-20 01:45:53,UTC-06:00,2026-01-19 15:12:00,2026-01-19 15:26:59,14,Powerlifting,4.9,74.0,147,117,71,1,0,0,0,false
2026-01-19 04:24:12,2026-01-20 01:45:53,UTC-06:00,2026-01-19 11:01:30,2026-01-19 11:39:27,37,Running,14.2,551.0,193,165,5,6,37,46,6,false
2026-01-18 02:17:11,2026-01-19 04:24:12,UTC-06:00,2026-01-18 23:52:30,2026-01-19 00:10:29,17,Activity,5.6,128.0,143,128,100,0,0,0,0,false
2026-01-18 02:17:11,2026-01-19 04:24:12,UTC-06:00,2026-01-18 22:04:30,2026-01-18 22:55:29,50,Activity,9.6,426.0,161,134,73,26,1,0,0,false
2026-01-18 02:17:11,2026-01-19 04:24:12,UTC-06:00,2026-01-18 19:04:30,2026-01-18 20:04:29,59,Activity,8.7,405.0,160,126,91,8,0,0,0,false
2026-01-16 02:03:07,2026-01-17 02:42:40,UTC-08:00,2026-01-16 17:36:00,2026-01-16 17:55:29,19,Surfing,5.9,146.0,150,129,94,6,0,0,0,false
2026-01-16 02:03:07,2026-01-17 02:42:40,UTC-08:00,2026-01-16 16:42:00,2026-01-16 16:55:29,13,Activity,5.2,95.0,151,127,94,3,0,0,0,false
2026-01-15 02:39:07,2026-01-16 02:03:07,UTC-08:00,2026-01-15 12:16:30,2026-01-15 13:01:29,44,Powerlifting,5.0,105.0,143,101,24,0,0,0,0,false
2026-01-11 23:51:33,2026-01-13 01:20:04,UTC-08:00,2026-01-12 17:58:30,2026-01-12 18:19:29,20,Activity,5.3,104.0,157,118,63,12,0,0,0,false
2026-01-11 23:51:33,2026-01-13 01:20:04,UTC-08:00,2026-01-12 16:19:30,2026-01-12 17:01:29,41,Powerlifting,6.1,190.0,146,116,76,0,0,0,0,false
2026-01-11 23:51:33,2026-01-13 01:20:04,UTC-08:00,2026-01-12 09:52:30,2026-01-12 10:34:29,41,Running,14.7,604.0,189,165,7,10,28,54,1,false
2026-01-11 03:07:01,2026-01-11 23:51:33,UTC-08:00,2026-01-11 11:55:30,2026-01-11 12:10:29,14,Walking,4.2,35.0,127,100,34,0,0,0,0,false
2026-01-07 01:59:07,2026-01-07 22:30:13,UTC-08:00,2026-01-07 15:31:30,2026-01-07 15:47:59,16,Activity,5.6,122.0,151,130,93,7,0,0,0,false
2026-01-05 01:06:45,2026-01-05 23:30:04,UTC-08:00,2026-01-05 10:48:00,2026-01-05 11:04:29,16,Powerlifting,4.9,83.0,147,118,86,1,0,0,0,false
2025-12-31 01:28:22,2026-01-01 04:12:23,UTC-08:00,2025-12-31 14:46:30,2025-12-31 15:16:29,29,Activity,5.8,150.0,153,116,78,1,0,0,0,false
2025-12-29 23:47:34,2025-12-31 01:28:22,UTC-08:00,2025-12-30 08:46:30,2025-12-30 09:01:29,14,Walking,4.5,50.0,142,107,42,0,0,0,0,false
2025-12-28 02:26:00,2025-12-29 02:12:31,UTC-08:00,2025-12-28 20:10:30,2025-12-28 20:29:59,19,Powerlifting,5.1,94.0,149,115,90,2,0,0,0,false
2025-12-28 02:26:00,2025-12-29 02:12:31,UTC-08:00,2025-12-28 12:46:30,2025-12-28 13:40:29,53,Activity,8.8,391.0,158,128,84,16,0,0,0,false
2025-12-28 02:26:00,2025-12-29 02:12:31,UTC-08:00,2025-12-28 10:15:00,2025-12-28 10:35:59,20,Powerlifting,5.4,117.0,151,119,86,7,0,0,0,false
2025-12-27 01:32:23,2025-12-28 02:26:00,UTC-08:00,2025-12-27 13:43:30,2025-12-27 13:58:29,14,Activity,4.4,40.0,137,103,43,0,0,0,0,false
2025-12-26 00:21:19,2025-12-27 01:32:23,UTC-08:00,2025-12-26 22:48:00,2025-12-26 23:04:29,16,Activity,4.8,68.0,156,109,56,7,0,0,0,false
2025-12-26 00:21:19,2025-12-27 01:32:23,UTC-08:00,2025-12-26 08:24:00,2025-12-26 09:22:29,58,Running,15.5,796.0,187,160,3,6,61,29,0,false
2025-12-24 03:03:16,2025-12-25 02:25:48,UTC-08:00,2025-12-24 08:34:30,2025-12-24 08:58:29,23,Walking,4.7,61.0,140,102,20,0,0,0,0,false
2025-12-23 01:56:44,2025-12-24 03:03:16,UTC-08:00,2025-12-23 15:09:00,2025-12-23 15:43:29,34,Golf,7.3,243.0,162,126,73,22,1,0,0,false
2025-12-20 22:52:54,2025-12-22 03:05:28,UTC-08:00,2025-12-21 22:52:30,2025-12-21 23:05:59,13,Activity,4.5,45.0,131,107,54,0,0,0,0,false
2025-12-20 22:52:54,2025-12-22 03:05:28,UTC-08:00,2025-12-21 16:57:00,2025-12-21 17:11:59,14,Walking,5.0,87.0,141,120,94,0,0,0,0,false
2025-12-19 01:03:51,2025-12-20 04:12:53,UTC-08:00,2025-12-20 01:46:30,2025-12-20 01:59:59,13,Activity,5.4,85.0,186,121,53,12,3,8,0,false
2025-12-19 01:03:51,2025-12-20 04:12:53,UTC-08:00,2025-12-19 18:01:30,2025-12-19 18:20:59,19,Activity,5.1,100.0,136,116,88,0,0,0,0,false
2025-12-18 02:24:20,2025-12-19 01:03:51,UTC-08:00,2025-12-18 14:40:30,2025-12-18 15:05:59,25,Activity,7.2,184.0,173,127,37,21,18,0,0,false
2025-12-18 02:24:20,2025-12-19 01:03:51,UTC-08:00,2025-12-18 14:01:30,2025-12-18 14:22:29,20,Powerlifting,5.0,80.0,151,109,38,10,0,0,0,false
2025-12-17 03:32:17,2025-12-18 04:24:20,UTC-06:00,2025-12-17 13:00:00,2025-12-17 13:17:59,17,Activity,5.4,115.0,143,122,91,0,0,0,0,false
2025-12-15 01:11:56,2025-12-16 04:22:53,UTC-06:00,2025-12-15 20:46:30,2025-12-15 21:37:29,50,Basketball,13.1,582.0,180,148,15,30,49,5,0,false
2025-12-15 01:11:56,2025-12-16 04:22:53,UTC-06:00,2025-12-15 14:28:30,2025-12-15 14:59:44,31,Activity,10.3,337.0,185,145,27,28,31,14,0,false
2025-12-15 01:11:56,2025-12-16 04:22:53,UTC-06:00,2025-12-15 12:24:00,2025-12-15 13:08:59,44,Powerlifting,6.6,219.0,152,114,73,3,0,0,0,false
2025-12-13 02:26:21,2025-12-14 04:59:53,UTC-06:00,2025-12-14 03:37:30,2025-12-14 03:59:59,22,Activity,9.2,242.0,202,145,25,36,16,14,6,false
2025-12-12 02:54:21,2025-12-13 02:26:21,UTC-06:00,2025-12-12 16:45:00,2025-12-12 17:46:29,61,Running,14.7,749.0,200,153,12,27,38,18,5,false
2025-12-11 03:08:30,2025-12-12 02:54:21,UTC-06:00,2025-12-11 13:51:00,2025-12-11 14:10:29,19,Powerlifting,5.4,117.0,144,121,95,1,0,0,0,false
2025-12-10 01:13:54,2025-12-11 03:08:30,UTC-06:00,2025-12-10 13:24:00,2025-12-10 13:59:59,35,Powerlifting,6.4,204.0,151,119,91,0,0,0,0,false
2025-12-07 06:02:14,2025-12-08 01:13:22,UTC-06:00,2025-12-07 19:39:00,2025-12-07 20:08:59,29,Activity,11.3,360.0,195,152,19,29,33,16,3,false
2025-12-05 23:26:11,2025-12-07 06:02:14,UTC-06:00,2025-12-07 00:54:00,2025-12-07 02:55:29,121,Activity,14.3,966.0,200,131,51,26,11,2,0,false
2025-12-05 23:26:11,2025-12-07 06:02:14,UTC-06:00,2025-12-06 23:06:00,2025-12-06 23:25:29,19,Activity,6.6,165.0,163,134,49,42,3,0,0,false
2025-12-05 02:49:38,2025-12-05 23:26:11,UTC-06:00,2025-12-05 10:00:00,2025-12-05 10:16:29,16,Activity,4.4,48.0,155,97,32,6,0,0,0,false
2025-12-04 01:05:12,2025-12-05 02:49:38,UTC-06:00,2025-12-04 17:13:30,2025-12-04 17:40:29,26,Powerlifting,5.5,124.0,150,114,57,6,0,0,0,false
2025-12-01 01:07:07,2025-12-02 01:37:31,UTC-06:00,2025-12-01 10:40:30,2025-12-01 11:22:29,41,Weightlifting,6.1,188.0,149,114,71,1,0,0,0,false
2025-11-27 03:54:44,2025-11-28 00:07:24,UTC-08:00,2025-11-27 08:37:30,2025-11-27 09:43:29,65,Running,15.9,884.0,198,160,5,14,46,33,2,false
2025-11-25 23:33:37,2025-11-27 03:54:44,UTC-08:00,2025-11-27 00:54:00,2025-11-27 01:11:59,17,Walking,4.8,73.0,137,113,77,0,0,0,0,false
2025-11-25 23:33:37,2025-11-27 03:54:44,UTC-08:00,2025-11-26 21:46:30,2025-11-27 00:14:59,148,Activity,12.7,930.0,162,124,80,12,0,0,0,false
2025-11-25 02:10:33,2025-11-25 23:33:37,UTC-08:00,2025-11-25 17:37:30,2025-11-25 18:11:59,34,Activity,5.2,110.0,135,108,60,0,0,0,0,false
2025-11-25 02:10:33,2025-11-25 23:33:37,UTC-08:00,2025-11-25 10:30:00,2025-11-25 10:59:59,29,Weightlifting,5.5,133.0,153,114,71,3,0,0,0,false
2025-11-24 01:27:45,2025-11-25 02:10:33,UTC-08:00,2025-11-24 20:04:30,2025-11-24 20:19:29,14,Walking,4.4,44.0,139,104,47,0,0,0,0,false
2025-11-24 01:27:45,2025-11-25 02:10:33,UTC-08:00,2025-11-24 15:12:00,2025-11-24 15:26:59,14,Walking,4.1,24.0,124,93,11,0,0,0,0,false
2025-11-20 00:33:31,2025-11-21 02:34:35,UTC-06:00,2025-11-20 10:36:00,2025-11-20 11:01:29,25,Weightlifting,4.8,71.0,130,106,43,0,0,0,0,false
2025-11-17 23:14:59,2025-11-19 00:00:00,UTC-06:00,2025-11-18 14:40:30,2025-11-18 15:22:29,41,Weightlifting,6.1,191.0,154,115,80,2,0,0,0,false
2025-11-16 04:00:24,2025-11-16 23:14:59,UTC-06:00,2025-11-16 17:27:00,2025-11-16 18:05:59,38,Running,14.6,508.0,196,158,36,9,5,12,38,false
2025-11-16 04:00:24,2025-11-16 23:14:59,UTC-06:00,2025-11-16 11:54:00,2025-11-16 12:11:59,17,Weightlifting,4.6,54.0,139,107,47,0,0,0,0,false
2025-11-15 12:24:41,2025-11-16 04:00:24,UTC-06:00,2025-11-16 01:33:00,2025-11-16 02:19:29,46,Activity,6.3,212.0,147,114,77,0,0,0,0,false
2025-11-15 12:24:41,2025-11-16 04:00:24,UTC-06:00,2025-11-15 22:54:00,2025-11-16 01:20:59,146,Powerlifting,12.8,918.0,164,123,76,14,0,0,0,false
2025-11-14 01:12:08,2025-11-15 12:24:41,UTC-06:00,2025-11-14 10:30:00,2025-11-14 10:46:29,16,Weightlifting,4.7,56.0,152,109,45,2,0,0,0,false
2025-11-11 00:51:17,2025-11-12 16:02:50,UTC-06:00,2025-11-12 10:51:00,2025-11-12 11:47:59,56,Weightlifting,8.2,350.0,162,122,78,12,0,0,0,false
2025-11-11 00:51:17,2025-11-12 16:02:50,UTC-06:00,2025-11-11 14:31:30,2025-11-11 15:07:29,35,Weightlifting,6.1,181.0,148,116,80,2,0,0,0,false
2025-11-10 01:17:24,2025-11-11 00:51:17,UTC-06:00,2025-11-10 11:21:00,2025-11-10 11:53:59,32,Powerlifting,8.7,300.0,165,137,52,34,13,0,0,false
2025-11-10 01:17:24,2025-11-11 00:51:17,UTC-06:00,2025-11-10 10:37:30,2025-11-10 11:08:59,31,Weightlifting,6.0,174.0,152,119,88,1,0,0,0,false
2025-11-08 02:17:24,2025-11-09 04:13:46,UTC-06:00,2025-11-08 22:03:00,2025-11-08 22:35:59,32,Activity,8.9,319.0,165,140,39,55,6,0,0,false
2025-11-08 02:17:24,2025-11-09 04:13:46,UTC-06:00,2025-11-08 21:03:00,2025-11-08 21:43:29,40,Activity,10.6,406.0,184,142,30,43,27,0,0,false
2025-11-08 02:17:24,2025-11-09 04:13:46,UTC-06:00,2025-11-08 16:04:30,2025-11-08 17:05:59,61,Activity,9.3,436.0,160,127,82,18,0,0,0,false
2025-11-08 02:17:24,2025-11-09 04:13:46,UTC-06:00,2025-11-08 11:24:00,2025-11-08 12:25:29,61,Weightlifting,9.2,430.0,155,126,83,15,0,0,0,false
2025-11-07 01:29:44,2025-11-08 02:17:24,UTC-06:00,2025-11-07 16:00:00,2025-11-07 16:26:59,26,Powerlifting,6.9,206.0,163,130,59,36,1,0,0,false
2025-11-06 01:51:41,2025-11-07 01:29:44,UTC-06:00,2025-11-06 13:34:30,2025-11-06 13:58:29,23,Walking,5.0,93.0,153,110,65,1,0,0,0,false
2025-11-05 00:49:37,2025-11-06 01:51:41,UTC-06:00,2025-11-05 10:58:30,2025-11-05 11:55:29,56,Weightlifting,8.3,365.0,155,123,86,7,0,0,0,false
2025-11-03 22:30:44,2025-11-05 00:49:37,UTC-06:00,2025-11-04 13:16:30,2025-11-04 13:46:29,29,Weightlifting,5.5,127.0,154,112,51,7,0,0,0,false
2025-10-31 01:01:48,2025-11-01 02:40:51,UTC-05:00,2025-10-31 23:04:30,2025-10-31 23:40:29,35,Activity,7.0,233.0,171,124,72,16,2,0,0,false
2025-10-31 01:01:48,2025-11-01 02:40:51,UTC-05:00,2025-10-31 11:52:30,2025-10-31 13:01:29,68,Weightlifting,7.5,306.0,154,114,70,1,0,0,0,false
2025-10-30 03:00:58,2025-10-31 01:01:48,UTC-05:00,2025-10-30 17:09:00,2025-10-30 18:08:59,59,Running,16.2,816.0,191,161,14,11,16,56,2,false
2025-10-30 03:00:58,2025-10-31 01:01:48,UTC-05:00,2025-10-30 09:43:30,2025-10-30 10:38:59,55,Weightlifting,7.2,273.0,160,116,67,6,0,0,0,false
2025-10-29 03:05:15,2025-10-30 03:00:58,UTC-05:00,2025-10-29 11:28:30,2025-10-29 12:31:29,62,Weightlifting,7.1,278.0,153,114,68,3,0,0,0,false
2025-10-28 02:40:43,2025-10-29 03:05:15,UTC-05:00,2025-10-28 16:31:30,2025-10-28 17:01:29,29,Running,10.3,306.0,190,144,59,12,5,20,4,false
2025-10-28 02:40:43,2025-10-29 03:05:15,UTC-05:00,2025-10-28 10:00:00,2025-10-28 10:43:29,43,Weightlifting,6.1,189.0,144,114,78,0,0,0,0,false
2025-10-27 02:25:25,2025-10-28 02:40:43,UTC-05:00,2025-10-27 15:19:30,2025-10-27 15:53:59,34,Weightlifting,6.8,222.0,167,125,84,13,0,0,0,false
2025-10-27 02:25:25,2025-10-28 02:40:43,UTC-05:00,2025-10-27 14:21:00,2025-10-27 14:50:59,29,Weightlifting,5.4,122.0,159,112,61,2,0,0,0,false
2025-10-26 02:19:48,2025-10-27 02:25:25,UTC-05:00,2025-10-26 13:07:30,2025-10-26 13:37:29,29,Activity,11.2,352.0,203,152,20,16,35,26,3,false
2025-10-25 02:35:03,2025-10-26 02:19:48,UTC-05:00,2025-10-25 11:51:00,2025-10-25 13:04:29,73,Weightlifting,8.6,396.0,160,119,70,11,0,0,0,false
2025-10-24 02:32:15,2025-10-25 02:35:03,UTC-05:00,2025-10-24 19:07:30,2025-10-24 19:56:59,49,Activity,12.7,505.0,203,144,47,20,12,11,10,false
2025-10-23 03:24:36,2025-10-24 02:32:15,UTC-05:00,2025-10-23 13:22:30,2025-10-23 14:29:59,67,Weightlifting,8.5,377.0,157,120,67,12,0,0,0,false
2025-10-22 03:37:03,2025-10-23 03:24:36,UTC-05:00,2025-10-22 13:45:00,2025-10-22 14:41:59,56,Weightlifting,8.5,379.0,154,126,86,11,0,0,0,false
2025-10-21 02:50:41,2025-10-22 03:37:03,UTC-05:00,2025-10-21 16:09:00,2025-10-21 17:11:59,62,Weightlifting,9.0,417.0,154,126,79,15,0,0,0,false
2025-10-19 23:22:27,2025-10-21 02:50:41,UTC-05:00,2025-10-20 10:39:00,2025-10-20 12:05:59,86,Weightlifting,10.9,583.0,168,126,66,22,2,0,0,false
2025-10-18 00:22:32,2025-10-19 02:13:42,UTC-07:00,2025-10-18 14:52:30,2025-10-18 15:34:29,41,Activity,5.7,150.0,135,111,60,0,0,0,0,false
2025-10-17 01:28:49,2025-10-18 00:22:32,UTC-07:00,2025-10-17 11:51:00,2025-10-17 12:11:59,20,Weightlifting,4.8,68.0,134,108,51,0,0,0,0,false
2025-10-16 01:56:00,2025-10-17 03:28:49,UTC-05:00,2025-10-16 17:58:30,2025-10-16 18:20:59,22,Activity,5.3,107.0,144,116,67,2,0,0,0,false
2025-10-15 00:55:18,2025-10-16 01:56:00,UTC-05:00,2025-10-15 10:37:30,2025-10-15 11:23:59,46,Weightlifting,7.0,258.0,151,119,88,4,0,0,0,false
2025-10-14 00:27:23,2025-10-15 00:55:18,UTC-05:00,2025-10-14 15:46:30,2025-10-14 16:23:59,37,Running,14.6,523.0,191,162,9,24,12,21,32,false
2025-10-14 00:27:23,2025-10-15 00:55:18,UTC-05:00,2025-10-14 09:54:00,2025-10-14 10:59:59,65,Weightlifting,7.5,311.0,171,114,75,4,0,0,0,false
2025-10-13 01:13:58,2025-10-14 00:27:23,UTC-05:00,2025-10-13 17:16:30,2025-10-13 18:08:59,52,Powerlifting,9.8,424.0,163,132,58,35,3,0,0,false
2025-10-13 01:13:58,2025-10-14 00:27:23,UTC-05:00,2025-10-13 11:16:30,2025-10-13 12:31:29,74,Weightlifting,11.4,610.0,160,132,63,34,0,0,0,false
2025-10-11 02:16:48,2025-10-12 03:59:45,UTC-05:00,2025-10-11 21:13:30,2025-10-11 21:44:59,31,Activity,6.6,194.0,180,122,56,22,3,0,0,false
2025-10-08 23:43:51,2025-10-10 03:29:47,UTC-05:00,2025-10-09 10:03:00,2025-10-09 10:46:29,43,Weightlifting,6.3,199.0,154,114,77,2,0,0,0,false
2025-10-08 02:05:11,2025-10-08 23:43:51,UTC-05:00,2025-10-08 10:36:00,2025-10-08 10:56:59,20,Weightlifting,5.7,134.0,162,123,78,12,1,0,0,false
2025-10-07 00:58:49,2025-10-08 02:05:11,UTC-05:00,2025-10-07 09:51:00,2025-10-07 10:38:59,47,Weightlifting,6.0,171.0,141,109,60,0,0,0,0,false
2025-10-04 02:00:52,2025-10-05 00:07:32,UTC-05:00,2025-10-04 17:12:00,2025-10-04 17:26:59,14,Powerlifting,4.9,85.0,140,119,100,0,0,0,0,false
2025-10-04 02:00:52,2025-10-05 00:07:32,UTC-05:00,2025-10-04 13:40:30,2025-10-04 15:52:29,131,Activity,14.7,1190.0,166,136,61,36,3,0,0,false
2025-10-04 02:00:52,2025-10-05 00:07:32,UTC-05:00,2025-10-04 10:25:30,2025-10-04 12:26:59,121,Activity,12.7,888.0,157,128,83,16,0,0,0,false
2025-10-01 00:18:26,2025-10-02 01:34:46,UTC-05:00,2025-10-01 09:55:30,2025-10-01 10:19:29,23,Activity,5.1,97.0,148,110,63,4,0,0,0,false
2025-09-27 01:30:23,2025-09-28 03:59:25,UTC-05:00,2025-09-27 23:55:30,2025-09-28 00:47:59,52,Activity,8.0,311.0,160,120,62,18,0,0,0,false
2025-09-26 01:21:59,2025-09-27 01:30:23,UTC-05:00,2025-09-27 00:18:00,2025-09-27 00:37:29,19,Powerlifting,5.0,89.0,140,113,82,0,0,0,0,false
2025-09-26 01:21:59,2025-09-27 01:30:23,UTC-05:00,2025-09-26 13:33:00,2025-09-26 14:45:04,72,Weightlifting,11.1,580.0,171,131,76,20,4,0,0,false
2025-09-26 01:21:59,2025-09-27 01:30:23,UTC-05:00,2025-09-26 10:49:30,2025-09-26 11:46:29,56,Running,16.1,802.0,192,162,10,7,31,48,4,false
2025-09-25 02:57:00,2025-09-26 01:21:59,UTC-05:00,2025-09-25 16:51:00,2025-09-25 17:16:29,25,Running,14.2,416.0,193,174,3,10,10,16,61,false
2025-09-25 02:57:00,2025-09-26 01:21:59,UTC-05:00,2025-09-25 09:37:30,2025-09-25 10:52:29,74,Weightlifting,7.6,319.0,150,111,71,1,0,0,0,false
2025-09-24 01:29:39,2025-09-25 02:57:00,UTC-05:00,2025-09-24 10:40:30,2025-09-24 11:43:29,62,Weightlifting,6.2,204.0,157,105,48,0,0,0,0,false
2025-09-23 01:34:24,2025-09-24 01:29:39,UTC-05:00,2025-09-23 14:51:00,2025-09-23 15:43:29,52,Weightlifting,7.2,281.0,149,117,87,1,0,0,0,false
2025-09-20 00:43:22,2025-09-21 02:39:15,UTC-05:00,2025-09-20 22:06:00,2025-09-20 22:41:59,35,Activity,5.9,164.0,147,113,72,1,0,0,0,false
2025-09-20 00:43:22,2025-09-21 02:39:15,UTC-05:00,2025-09-20 16:25:30,2025-09-20 20:08:59,223,Powerlifting,15.0,1516.0,157,124,85,13,0,0,0,false
2025-09-20 00:43:22,2025-09-21 02:39:15,UTC-05:00,2025-09-20 10:24:00,2025-09-20 10:56:59,32,Weightlifting,5.8,158.0,144,114,80,0,0,0,0,false
2025-09-18 01:40:45,2025-09-19 02:15:35,UTC-05:00,2025-09-18 09:40:30,2025-09-18 10:05:59,25,Weightlifting,5.1,96.0,145,109,56,1,0,0,0,false
2025-09-17 00:01:54,2025-09-18 01:40:45,UTC-05:00,2025-09-17 16:42:00,2025-09-17 17:04:29,22,Powerlifting,6.8,192.0,158,133,65,30,3,0,0,false
2025-09-15 03:21:41,2025-09-16 00:20:07,UTC-05:00,2025-09-15 14:21:00,2025-09-15 15:11:57,50,Weightlifting,8.0,317.0,155,121,72,14,0,0,0,false
2025-09-14 02:03:12,2025-09-15 03:21:41,UTC-05:00,2025-09-14 10:18:00,2025-09-14 10:58:29,40,Weightlifting,6.7,214.0,155,117,63,11,0,0,0,false
2025-09-12 00:57:16,2025-09-14 02:03:12,UTC-05:00,2025-09-12 12:39:00,2025-09-12 13:53:59,74,Weightlifting,9.1,452.0,154,120,85,7,0,0,0,false
2025-09-11 00:37:29,2025-09-12 00:57:16,UTC-05:00,2025-09-11 09:46:30,2025-09-11 10:40:29,53,Weightlifting,7.3,284.0,153,117,79,6,0,0,0,false
2025-09-10 02:02:16,2025-09-11 00:37:29,UTC-05:00,2025-09-10 10:33:00,2025-09-10 11:32:59,59,Weightlifting,9.5,431.0,159,127,73,23,0,0,0,false
2025-09-09 00:23:06,2025-09-10 02:02:16,UTC-05:00,2025-09-09 10:37:30,2025-09-09 11:26:59,49,Weightlifting,6.8,247.0,157,115,78,3,0,0,0,false
2025-09-09 00:23:06,2025-09-10 02:02:16,UTC-05:00,2025-09-09 09:40:30,2025-09-09 10:25:29,44,Weightlifting,5.9,169.0,138,109,62,0,0,0,0,false
2025-09-08 01:47:54,2025-09-09 00:23:06,UTC-05:00,2025-09-08 10:33:00,2025-09-08 11:02:59,29,Weightlifting,5.0,88.0,133,105,44,0,0,0,0,false
2025-09-06 00:51:06,2025-09-06 23:07:49,UTC-05:00,2025-09-06 11:19:30,2025-09-06 12:23:59,64,Weightlifting,9.4,448.0,157,126,76,20,0,0,0,false
2025-09-05 00:27:14,2025-09-06 00:51:06,UTC-05:00,2025-09-05 12:21:00,2025-09-05 12:59:59,38,Weightlifting,7.0,237.0,154,121,74,14,0,0,0,false
2025-09-04 00:46:54,2025-09-05 00:27:14,UTC-05:00,2025-09-04 09:51:00,2025-09-04 10:29:59,38,Weightlifting,6.4,197.0,147,116,72,4,0,0,0,false
2025-09-03 00:15:30,2025-09-04 00:46:54,UTC-05:00,2025-09-03 14:51:00,2025-09-03 15:43:29,52,Weightlifting,8.8,392.0,155,130,90,10,0,0,0,false
2025-09-03 00:15:30,2025-09-04 00:46:54,UTC-05:00,2025-09-03 11:00:00,2025-09-03 11:19:29,19,Weightlifting,6.6,166.0,175,135,48,40,10,0,0,false
2025-09-02 01:13:01,2025-09-03 00:15:30,UTC-05:00,2025-09-02 09:31:30,2025-09-02 09:47:59,16,Activity,4.8,70.0,148,113,81,0,0,0,0,false
2025-09-01 02:23:42,2025-09-02 01:13:01,UTC-05:00,2025-09-01 11:27:00,2025-09-01 11:49:29,22,Weightlifting,5.6,132.0,151,122,84,10,0,0,0,false
2025-08-30 01:35:10,2025-08-31 04:02:17,UTC-05:00,2025-08-30 23:07:30,2025-08-31 01:55:29,167,Activity,13.6,1110.0,171,126,85,9,2,0,0,false
2025-08-29 04:09:03,2025-08-30 01:35:10,UTC-05:00,2025-08-29 16:22:30,2025-08-29 19:38:59,196,Powerlifting,14.9,1461.0,165,130,85,14,1,0,0,false
2025-08-28 00:37:11,2025-08-29 04:09:03,UTC-05:00,2025-08-28 16:30:00,2025-08-28 17:05:59,35,Powerlifting,8.2,301.0,163,135,62,35,2,0,0,false
2025-08-28 00:37:11,2025-08-29 04:09:03,UTC-05:00,2025-08-28 14:37:30,2025-08-28 15:04:29,26,Weightlifting,7.2,217.0,169,134,49,42,5,0,0,false
2025-08-27 02:03:33,2025-08-28 00:37:11,UTC-05:00,2025-08-27 11:25:30,2025-08-27 12:20:59,55,Weightlifting,9.0,406.0,167,130,77,19,1,0,0,false
2025-08-26 00:24:58,2025-08-27 02:03:33,UTC-05:00,2025-08-26 09:36:00,2025-08-26 10:23:59,47,Weightlifting,6.1,190.0,145,113,69,0,0,0,0,false
2025-08-25 01:08:08,2025-08-26 00:24:58,UTC-05:00,2025-08-25 10:07:30,2025-08-25 11:22:29,74,Activity,11.5,619.0,170,135,62,32,6,0,0,false
2025-08-22 00:20:25,2025-08-23 04:47:13,UTC-05:00,2025-08-23 01:04:30,2025-08-23 02:11:59,67,Activity,10.1,503.0,162,130,72,24,0,0,0,false
2025-08-22 00:20:25,2025-08-23 04:47:13,UTC-05:00,2025-08-22 12:12:00,2025-08-22 12:59:59,47,Weightlifting,7.0,262.0,165,120,86,6,0,0,0,false
2025-08-21 00:30:47,2025-08-22 00:20:25,UTC-05:00,2025-08-21 12:34:30,2025-08-21 13:23:59,49,Weightlifting,7.7,308.0,151,123,83,9,0,0,0,false
2025-08-19 23:09:59,2025-08-21 00:30:47,UTC-05:00,2025-08-20 11:10:30,2025-08-20 11:59:59,49,Weightlifting,5.6,144.0,135,106,35,0,0,0,0,false
2025-08-19 00:10:30,2025-08-19 23:09:59,UTC-05:00,2025-08-19 11:57:00,2025-08-19 12:17:59,20,Weightlifting,5.0,92.0,154,114,76,1,0,0,0,false
2025-08-18 01:22:59,2025-08-19 00:10:30,UTC-05:00,2025-08-18 12:21:00,2025-08-18 13:13:29,52,Weightlifting,7.8,332.0,155,125,96,2,0,0,0,false
2025-08-16 22:32:23,2025-08-18 01:22:59,UTC-05:00,2025-08-17 12:40:30,2025-08-17 13:41:59,61,Weightlifting,7.8,331.0,157,120,83,3,0,0,0,false
2025-08-15 01:45:28,2025-08-16 03:20:41,UTC-05:00,2025-08-15 10:39:00,2025-08-15 11:37:29,58,Weightlifting,7.0,275.0,147,116,78,0,0,0,0,false
2025-08-13 02:39:40,2025-08-14 03:05:40,UTC-05:00,2025-08-13 09:46:30,2025-08-13 11:38:59,112,Weightlifting,13.1,874.0,172,131,71,23,4,0,0,false
2025-08-09 01:11:12,2025-08-10 00:40:00,UTC-07:00,2025-08-09 11:39:00,2025-08-09 11:55:29,16,Powerlifting,4.5,52.0,142,107,34,0,0,0,0,false
2025-08-07 02:09:16,2025-08-07 23:46:05,UTC-07:00,2025-08-07 12:36:00,2025-08-07 12:53:59,17,Weightlifting,4.5,46.0,138,106,39,0,0,0,0,false
2025-08-05 01:56:25,2025-08-06 01:14:54,UTC-07:00,2025-08-05 17:52:30,2025-08-05 18:46:29,53,Golf,8.0,338.0,155,124,82,13,0,0,0,false
2025-08-04 01:11:54,2025-08-05 01:56:25,UTC-07:00,2025-08-04 20:46:30,2025-08-04 21:10:29,23,Running,11.9,307.0,190,157,23,5,7,57,4,false
2025-08-03 00:31:39,2025-08-04 01:11:54,UTC-07:00,2025-08-03 21:30:00,2025-08-03 22:13:29,43,Running,17.0,686.0,195,172,14,4,3,9,68,false
2025-07-31 01:51:48,2025-08-01 02:59:08,UTC-07:00,2025-07-31 10:49:30,2025-07-31 11:58:29,68,Golf,8.0,363.0,147,119,86,1,0,0,0,false
2025-07-29 23:21:38,2025-07-31 01:51:48,UTC-07:00,2025-07-30 18:27:00,2025-07-30 18:41:59,14,Activity,6.0,114.0,176,130,58,12,12,6,0,false
2025-07-28 22:50:21,2025-07-29 23:21:38,UTC-07:00,2025-07-29 17:16:30,2025-07-29 17:32:59,16,Walking,4.4,43.0,128,104,35,0,0,0,0,false
2025-07-27 02:11:40,2025-07-28 01:02:01,UTC-06:00,2025-07-27 13:28:30,2025-07-27 14:53:59,85,Weightlifting,10.3,567.0,157,126,84,12,0,0,0,false
2025-07-26 00:24:55,2025-07-27 02:11:40,UTC-06:00,2025-07-26 21:21:00,2025-07-26 21:40:29,19,Walking,4.5,53.0,144,105,41,0,0,0,0,false
2025-07-26 00:24:55,2025-07-27 02:11:40,UTC-06:00,2025-07-26 14:00:00,2025-07-26 14:23:59,23,Weightlifting,5.9,156.0,149,125,88,10,0,0,0,false
2025-07-25 02:19:31,2025-07-26 00:24:55,UTC-06:00,2025-07-25 13:33:00,2025-07-25 14:55:29,82,Weightlifting,9.2,463.0,155,120,83,6,0,0,0,false
2025-07-24 01:49:40,2025-07-25 02:19:31,UTC-06:00,2025-07-24 21:15:00,2025-07-24 21:37:29,22,Walking,5.1,98.0,151,114,74,0,0,0,0,false
2025-07-24 01:49:40,2025-07-25 02:19:31,UTC-06:00,2025-07-24 13:13:30,2025-07-24 14:02:59,49,Activity,7.7,303.0,152,123,78,11,0,0,0,false
2025-07-23 02:23:45,2025-07-24 01:49:40,UTC-06:00,2025-07-23 20:21:00,2025-07-23 20:40:29,19,Activity,10.7,250.0,201,157,7,41,12,10,24,false
2025-07-23 02:23:45,2025-07-24 01:49:40,UTC-06:00,2025-07-23 18:15:00,2025-07-23 19:25:29,70,Weightlifting,8.1,372.0,156,118,83,1,0,0,0,false
2025-07-23 02:23:45,2025-07-24 01:49:40,UTC-06:00,2025-07-23 12:13:30,2025-07-23 12:29:59,16,Powerlifting,4.9,83.0,146,117,69,2,0,0,0,false
2025-07-21 01:44:20,2025-07-22 00:50:33,UTC-07:00,2025-07-21 20:33:00,2025-07-21 21:29:59,56,Weightlifting,8.5,374.0,157,125,84,7,0,0,0,false
2025-07-21 01:44:20,2025-07-22 00:50:33,UTC-07:00,2025-07-21 12:01:30,2025-07-21 13:04:29,62,Weightlifting,9.1,422.0,159,126,79,10,0,0,0,false
2025-07-19 01:02:54,2025-07-19 23:52:18,UTC-07:00,2025-07-19 09:54:00,2025-07-19 10:19:29,25,Running,11.0,318.0,179,155,17,15,51,17,0,false
2025-07-18 00:06:37,2025-07-19 01:02:54,UTC-07:00,2025-07-18 20:27:00,2025-07-18 21:46:29,79,Weightlifting,10.4,558.0,160,128,88,9,0,0,0,false
2025-07-17 01:15:00,2025-07-18 00:06:37,UTC-07:00,2025-07-17 10:06:00,2025-07-17 10:35:59,29,Weightlifting,6.5,197.0,151,125,86,5,0,0,0,false
2025-07-16 00:11:31,2025-07-17 01:15:00,UTC-07:00,2025-07-16 11:09:00,2025-07-16 12:10:29,61,Powerlifting,8.7,398.0,160,125,91,6,0,0,0,false
2025-07-14 23:57:45,2025-07-16 00:11:31,UTC-07:00,2025-07-15 18:55:30,2025-07-15 19:28:29,32,Running,15.5,525.0,195,173,8,4,10,15,59,false
2025-07-14 23:57:45,2025-07-16 00:11:31,UTC-07:00,2025-07-15 10:37:30,2025-07-15 11:07:29,29,Weightlifting,5.4,124.0,138,114,61,0,0,0,0,false
2025-07-14 02:03:02,2025-07-14 23:57:45,UTC-07:00,2025-07-14 09:45:00,2025-07-14 10:23:03,38,Running,13.6,514.0,186,161,11,14,25,50,0,false
2025-07-12 01:03:57,2025-07-13 04:16:44,UTC-07:00,2025-07-13 02:55:30,2025-07-13 03:20:59,25,Walking,5.0,83.0,135,110,47,0,0,0,0,false
2025-07-12 01:03:57,2025-07-13 04:16:44,UTC-07:00,2025-07-13 01:43:30,2025-07-13 01:58:29,14,Walking,4.6,59.0,134,113,66,0,0,0,0,false
2025-07-10 02:38:38,2025-07-11 00:31:28,UTC-07:00,2025-07-10 21:01:30,2025-07-10 21:28:08,26,Walking,7.7,248.0,154,141,63,37,0,0,0,false
2025-07-10 02:38:38,2025-07-11 00:31:28,UTC-07:00,2025-07-10 18:00:00,2025-07-10 18:42:59,42,Running,16.5,681.0,195,173,8,11,9,21,51,false
2025-07-09 00:18:48,2025-07-10 02:38:38,UTC-07:00,2025-07-09 17:27:00,2025-07-09 17:55:52,28,Running,13.5,419.0,192,167,10,8,13,61,8,false
2025-07-05 01:45:59,2025-07-06 03:28:21,UTC-04:00,2025-07-05 13:57:00,2025-07-05 14:29:59,32,Weightlifting,6.5,211.0,156,126,91,7,0,0,0,false
2025-07-04 01:50:45,2025-07-05 01:45:59,UTC-04:00,2025-07-04 15:34:30,2025-07-04 15:53:59,19,Walking,5.0,87.0,137,116,66,0,0,0,0,false
2025-07-04 01:50:45,2025-07-05 01:45:59,UTC-04:00,2025-07-04 12:28:30,2025-07-04 13:53:59,85,Activity,9.3,494.0,155,123,94,1,0,0,0,false
2025-07-03 02:26:16,2025-07-04 01:50:45,UTC-04:00,2025-07-03 14:31:30,2025-07-03 14:46:29,14,Walking,4.4,41.0,120,107,25,0,0,0,0,false
2025-07-02 01:30:53,2025-07-03 02:26:16,UTC-04:00,2025-07-02 21:30:00,2025-07-02 22:44:59,74,Activity,9.6,502.0,150,127,99,1,0,0,0,false
2025-07-02 01:30:53,2025-07-03 02:26:16,UTC-04:00,2025-07-02 18:03:00,2025-07-02 18:22:29,19,Activity,5.3,116.0,139,124,98,0,0,0,0,false
2025-07-02 01:30:53,2025-07-03 02:26:16,UTC-04:00,2025-07-02 13:07:30,2025-07-02 14:04:29,56,Weightlifting,8.9,400.0,158,129,87,9,0,0,0,false
2025-06-29 00:23:04,2025-06-30 01:47:18,UTC-04:00,2025-06-29 15:34:30,2025-06-29 16:34:29,59,Activity,8.7,409.0,146,128,99,1,0,0,0,false
2025-06-28 04:30:34,2025-06-29 00:23:04,UTC-04:00,2025-06-28 15:22:30,2025-06-28 16:37:29,74,Activity,9.4,467.0,153,125,84,9,0,0,0,false
2025-06-27 02:13:03,2025-06-28 04:30:34,UTC-04:00,2025-06-27 21:16:30,2025-06-27 22:29:59,73,Activity,11.6,627.0,158,137,61,39,0,0,0,false
2025-06-27 02:13:03,2025-06-28 04:30:34,UTC-04:00,2025-06-27 16:07:30,2025-06-27 17:22:29,74,Activity,10.6,559.0,158,131,87,13,0,0,0,false
2025-06-26 02:15:58,2025-06-26 23:13:03,UTC-07:00,2025-06-26 18:33:00,2025-06-26 19:10:29,37,Activity,6.8,226.0,149,124,79,4,0,0,0,false
2025-06-25 02:32:54,2025-06-26 02:15:58,UTC-07:00,2025-06-25 14:06:00,2025-06-25 15:20:59,74,Weightlifting,8.6,419.0,160,122,87,3,0,0,0,false
2025-06-24 02:35:45,2025-06-25 02:32:54,UTC-07:00,2025-06-24 18:25:30,2025-06-24 19:19:34,54,Running,16.8,832.0,185,170,5,2,8,85,0,false
2025-06-24 02:35:45,2025-06-25 02:32:54,UTC-07:00,2025-06-24 12:51:00,2025-06-24 13:22:29,31,Weightlifting,5.6,141.0,147,116,70,0,0,0,0,false
2025-06-23 00:36:35,2025-06-24 02:35:45,UTC-07:00,2025-06-23 17:33:00,2025-06-23 18:18:48,45,Running,15.8,615.0,197,162,13,8,10,21,37,false
2025-06-21 01:36:41,2025-06-22 00:50:58,UTC-07:00,2025-06-21 11:27:00,2025-06-21 12:17:59,50,Weightlifting,6.0,172.0,159,109,43,3,0,0,0,false
2025-06-19 00:06:43,2025-06-20 00:39:27,UTC-07:00,2025-06-19 19:51:00,2025-06-19 20:11:40,20,Running,11.0,265.0,192,158,15,5,15,54,6,false
2025-06-19 00:06:43,2025-06-20 00:39:27,UTC-07:00,2025-06-19 16:01:30,2025-06-19 16:31:29,29,Weightlifting,5.2,107.0,146,113,64,0,0,0,0,false
2025-06-18 01:10:03,2025-06-19 00:06:43,UTC-07:00,2025-06-18 18:39:00,2025-06-18 19:01:29,22,Basketball,7.1,198.0,163,139,33,63,2,0,0,false
2025-06-17 00:55:35,2025-06-18 01:10:03,UTC-07:00,2025-06-17 12:40:30,2025-06-17 13:38:59,58,Weightlifting,5.9,169.0,143,109,40,0,0,0,0,false
2025-06-17 00:55:35,2025-06-18 01:10:03,UTC-07:00,2025-06-17 10:40:30,2025-06-17 11:22:29,41,Running,14.0,572.0,186,162,7,9,53,30,0,false
2025-06-16 00:36:02,2025-06-17 00:55:35,UTC-07:00,2025-06-16 20:00:00,2025-06-16 20:16:29,16,Walking,4.5,48.0,136,109,46,0,0,0,0,false
2025-06-16 00:36:02,2025-06-17 00:55:35,UTC-07:00,2025-06-16 13:28:30,2025-06-16 13:58:29,29,Weightlifting,5.6,142.0,149,118,78,1,0,0,0,false
2025-06-16 00:36:02,2025-06-17 00:55:35,UTC-07:00,2025-06-16 10:00:00,2025-06-16 11:23:59,83,Running,17.3,1074.0,188,158,14,12,20,50,0,false
2025-06-15 00:22:32,2025-06-16 00:36:02,UTC-07:00,2025-06-15 19:27:00,2025-06-15 19:58:29,31,Running,10.8,368.0,179,153,7,55,31,7,0,false
2025-06-15 00:22:32,2025-06-16 00:36:02,UTC-07:00,2025-06-15 13:31:30,2025-06-15 14:05:59,34,Powerlifting,5.9,148.0,158,116,49,11,0,0,0,false
2025-06-14 02:45:50,2025-06-15 00:22:32,UTC-07:00,2025-06-14 12:18:00,2025-06-14 13:34:29,76,Running,18.0,1143.0,193,169,3,8,17,69,3,false
2025-06-13 01:28:24,2025-06-14 02:45:50,UTC-07:00,2025-06-13 12:21:00,2025-06-13 12:44:59,23,Running,11.3,315.0,189,160,11,7,54,26,0,false
2025-06-12 02:21:31,2025-06-13 01:28:24,UTC-07:00,2025-06-12 19:54:00,2025-06-12 20:26:59,32,Basketball,11.3,383.0,185,152,22,27,35,16,0,false
2025-06-12 02:21:31,2025-06-13 01:28:24,UTC-07:00,2025-06-12 16:27:00,2025-06-12 17:04:29,37,Running,15.2,566.0,191,169,7,4,13,42,32,false
2025-06-12 02:21:31,2025-06-13 01:28:24,UTC-07:00,2025-06-12 12:52:30,2025-06-12 13:38:28,45,Weightlifting,5.5,142.0,156,109,43,1,0,0,0,false
2025-06-11 00:27:00,2025-06-12 02:21:31,UTC-07:00,2025-06-11 19:15:00,2025-06-11 19:47:59,32,Running,14.2,496.0,191,169,3,10,14,67,6,false
2025-06-09 23:59:48,2025-06-11 00:27:00,UTC-07:00,2025-06-10 19:55:30,2025-06-10 20:14:59,19,Walking,4.7,66.0,133,111,63,0,0,0,0,false
2025-06-09 23:59:48,2025-06-11 00:27:00,UTC-07:00,2025-06-10 13:49:30,2025-06-10 14:12:37,23,Weightlifting,5.3,118.0,146,120,95,1,0,0,0,false
2025-06-09 23:59:48,2025-06-11 00:27:00,UTC-07:00,2025-06-10 13:15:00,2025-06-10 13:34:29,19,Weightlifting,4.9,83.0,148,116,76,1,0,0,0,false
2025-06-09 23:59:48,2025-06-11 00:27:00,UTC-07:00,2025-06-10 09:33:00,2025-06-10 10:25:28,52,Running,15.5,734.0,187,164,8,7,31,54,0,false
2025-06-09 00:47:50,2025-06-09 23:59:48,UTC-07:00,2025-06-09 19:04:30,2025-06-09 19:44:51,40,Cycling,7.8,259.0,165,126,54,15,11,0,0,false
2025-06-09 00:47:50,2025-06-09 23:59:48,UTC-07:00,2025-06-09 11:06:00,2025-06-09 12:26:25,80,Weightlifting,7.6,323.0,156,114,60,4,0,0,0,false
2025-06-09 00:47:50,2025-06-09 23:59:48,UTC-07:00,2025-06-09 09:25:30,2025-06-09 10:01:29,35,Running,12.6,439.0,174,154,15,11,65,7,0,false
2025-06-07 23:07:10,2025-06-09 00:47:50,UTC-07:00,2025-06-08 22:18:00,2025-06-08 22:34:29,16,Walking,4.7,63.0,128,113,74,0,0,0,0,false
2025-06-07 23:07:10,2025-06-09 00:47:50,UTC-07:00,2025-06-08 21:07:30,2025-06-08 21:26:59,19,Walking,4.8,73.0,130,112,64,0,0,0,0,false
2025-06-07 23:07:10,2025-06-09 00:47:50,UTC-07:00,2025-06-08 11:51:00,2025-06-08 12:34:25,43,Running,14.5,612.0,182,164,2,9,53,35,0,false
2025-06-07 23:07:10,2025-06-09 00:47:50,UTC-07:00,2025-06-08 11:00:00,2025-06-08 11:44:07,44,Weightlifting,5.6,139.0,151,109,35,3,0,0,0,false
2025-06-06 00:39:24,2025-06-06 23:22:01,UTC-07:00,2025-06-06 14:36:00,2025-06-06 15:01:29,25,Weightlifting,4.9,77.0,137,109,45,0,0,0,0,false
2025-06-05 00:34:19,2025-06-06 00:39:24,UTC-07:00,2025-06-05 20:30:00,2025-06-05 21:23:35,53,Cycling,13.5,585.0,183,148,40,10,32,18,0,false
2025-06-05 00:34:19,2025-06-06 00:39:24,UTC-07:00,2025-06-05 16:48:00,2025-06-05 17:19:29,31,Weightlifting,6.8,222.0,160,129,82,17,1,0,0,false
2025-06-05 00:34:19,2025-06-06 00:39:24,UTC-07:00,2025-06-05 15:46:30,2025-06-05 16:35:59,49,Weightlifting,7.8,320.0,158,126,92,8,0,0,0,false
2025-06-04 00:00:37,2025-06-05 00:34:19,UTC-07:00,2025-06-04 15:57:00,2025-06-04 17:19:29,82,Weightlifting,10.9,559.0,179,128,80,9,6,2,0,false
2025-06-04 00:00:37,2025-06-05 00:34:19,UTC-07:00,2025-06-04 06:30:00,2025-06-04 07:00:00,30,Swimming,4.8,82.0,159,100,25,4,0,0,0,false
2025-06-03 02:27:08,2025-06-04 00:00:37,UTC-07:00,2025-06-03 20:15:00,2025-06-03 20:26:00,11,Cycling,4.3,29.0,125,107,18,0,0,0,0,false
2025-06-03 02:27:08,2025-06-04 00:00:37,UTC-07:00,2025-06-03 18:02:00,2025-06-03 19:02:00,60,Swimming,8.4,288.0,182,116,33,7,4,5,0,false
2025-06-03 02:27:08,2025-06-04 00:00:37,UTC-07:00,2025-06-03 17:16:30,2025-06-03 17:37:29,20,Weightlifting,4.9,79.0,152,112,49,5,0,0,0,false
2025-06-03 02:27:08,2025-06-04 00:00:37,UTC-07:00,2025-06-03 10:54:00,2025-06-03 11:08:59,14,Running,8.3,178.0,171,153,9,10,73,0,0,false
2025-06-02 00:03:48,2025-06-03 02:27:08,UTC-07:00,2025-06-02 23:39:00,2025-06-02 23:56:59,17,Weightlifting,5.1,94.0,143,120,88,0,0,0,0,false
2025-06-02 00:03:48,2025-06-03 02:27:08,UTC-07:00,2025-06-02 21:48:00,2025-06-02 22:08:59,20,Weightlifting,5.6,130.0,143,125,99,0,0,0,0,false
2025-06-02 00:03:48,2025-06-03 02:27:08,UTC-07:00,2025-06-02 19:07:30,2025-06-02 19:52:29,44,Activity,9.8,398.0,173,138,57,32,11,0,0,false
2025-06-02 00:03:48,2025-06-03 02:27:08,UTC-07:00,2025-06-02 18:21:00,2025-06-02 18:41:59,20,Wrestling,5.5,128.0,144,125,100,0,0,0,0,false
2025-06-02 00:03:48,2025-06-03 02:27:08,UTC-07:00,2025-06-02 11:42:00,2025-06-02 12:47:59,65,Weightlifting,8.9,414.0,158,125,79,12,0,0,0,false
2025-06-02 00:03:48,2025-06-03 02:27:08,UTC-07:00,2025-06-02 09:16:30,2025-06-02 10:14:01,57,Running,16.0,825.0,180,165,1,5,62,31,0,false
2025-06-01 00:29:28,2025-06-02 00:03:48,UTC-07:00,2025-06-01 20:36:00,2025-06-01 21:10:00,33,Running,11.1,403.0,172,153,1,66,33,0,0,false
2025-06-01 00:29:28,2025-06-02 00:03:48,UTC-07:00,2025-06-01 13:07:30,2025-06-01 13:36:44,29,Running,11.7,334.0,188,151,35,4,13,44,1,false
2025-05-31 00:50:59,2025-06-01 00:29:28,UTC-07:00,2025-05-31 20:01:30,2025-05-31 20:37:29,35,Weightlifting,5.9,154.0,157,113,50,12,0,0,0,false
2025-05-31 00:50:59,2025-06-01 00:29:28,UTC-07:00,2025-05-31 18:57:00,2025-05-31 19:22:06,25,Activity,12.1,356.0,182,164,2,5,62,30,0,false
2025-05-30 01:31:10,2025-05-31 00:50:59,UTC-07:00,2025-05-30 17:27:00,2025-05-30 18:47:59,80,Weightlifting,8.7,426.0,159,120,81,5,0,0,0,false
2025-05-30 01:31:10,2025-05-31 00:50:59,UTC-07:00,2025-05-30 09:25:30,2025-05-30 10:56:54,91,Running,19.5,1398.0,189,170,9,8,11,51,21,false
2025-05-29 00:54:06,2025-05-30 01:31:10,UTC-07:00,2025-05-29 15:39:00,2025-05-29 16:03:14,24,Weightlifting,5.9,148.0,160,124,67,17,1,0,0,false
2025-05-29 00:54:06,2025-05-30 01:31:10,UTC-07:00,2025-05-29 14:37:30,2025-05-29 15:23:59,46,Weightlifting,6.2,191.0,155,114,58,2,0,0,0,false
2025-05-29 00:54:06,2025-05-30 01:31:10,UTC-07:00,2025-05-29 10:54:00,2025-05-29 11:23:59,29,Running,13.9,441.0,189,167,10,7,10,57,14,false
2025-05-28 01:05:03,2025-05-29 00:54:06,UTC-07:00,2025-05-28 13:27:00,2025-05-28 14:50:59,83,Weightlifting,9.5,443.0,171,120,58,9,4,0,0,false
2025-05-28 01:05:03,2025-05-29 00:54:06,UTC-07:00,2025-05-28 09:24:00,2025-05-28 10:20:59,56,Running,14.6,673.0,188,153,18,13,38,25,0,false
2025-05-27 00:13:14,2025-05-28 01:05:03,UTC-07:00,2025-05-27 13:24:00,2025-05-27 14:44:59,80,Weightlifting,7.2,289.0,149,111,52,0,0,0,0,false
2025-05-27 00:13:14,2025-05-28 01:05:03,UTC-07:00,2025-05-27 12:55:30,2025-05-27 13:10:29,14,Weightlifting,4.6,54.0,144,111,49,0,0,0,0,false
2025-05-27 00:13:14,2025-05-28 01:05:03,UTC-07:00,2025-05-27 07:18:00,2025-05-27 07:44:19,26,Running,10.6,291.0,189,148,20,7,41,21,0,false
2025-05-26 00:21:18,2025-05-27 00:13:14,UTC-07:00,2025-05-26 15:51:00,2025-05-26 17:02:59,71,Weightlifting,10.2,493.0,171,128,73,12,7,0,0,false
2025-05-26 00:21:18,2025-05-27 00:13:14,UTC-07:00,2025-05-26 10:27:00,2025-05-26 11:07:29,40,Running,15.2,598.0,189,167,13,6,11,52,18,false
2025-05-25 04:02:50,2025-05-26 00:21:18,UTC-07:00,2025-05-25 17:07:30,2025-05-25 18:22:29,74,Running,14.7,729.0,197,142,52,11,11,8,12,false
2025-05-24 00:20:15,2025-05-25 04:02:50,UTC-07:00,2025-05-24 08:10:30,2025-05-24 09:14:11,63,Running,18.1,1017.0,189,173,3,3,10,77,6,false
2025-05-23 00:58:10,2025-05-24 00:20:15,UTC-07:00,2025-05-23 08:28:30,2025-05-23 08:56:59,28,Running,13.6,420.0,193,167,7,5,18,41,26,false
2025-05-22 01:49:33,2025-05-23 00:58:10,UTC-07:00,2025-05-22 19:13:30,2025-05-22 19:40:29,26,Running,14.2,420.0,195,171,12,8,10,18,52,false
2025-05-21 01:12:59,2025-05-22 01:49:33,UTC-07:00,2025-05-21 20:48:00,2025-05-21 21:40:29,52,Weightlifting,7.8,335.0,152,125,99,1,0,0,0,false
2025-05-21 01:12:59,2025-05-22 01:49:33,UTC-07:00,2025-05-21 18:30:00,2025-05-21 19:28:29,58,Activity,9.4,444.0,150,131,95,4,0,0,0,false
2025-05-21 01:12:59,2025-05-22 01:49:33,UTC-07:00,2025-05-21 17:34:30,2025-05-21 18:02:59,28,Activity,7.3,242.0,161,136,87,12,1,0,0,false
2025-05-21 01:12:59,2025-05-22 01:49:33,UTC-07:00,2025-05-21 15:16:30,2025-05-21 16:23:59,67,Activity,11.3,562.0,182,135,68,27,5,0,0,false
2025-05-21 01:12:59,2025-05-22 01:49:33,UTC-07:00,2025-05-21 14:18:00,2025-05-21 14:50:59,32,Weightlifting,7.3,249.0,160,131,85,13,1,0,0,false
2025-05-21 01:12:59,2025-05-22 01:49:33,UTC-07:00,2025-05-21 12:51:00,2025-05-21 13:22:29,31,Weightlifting,6.3,175.0,167,121,62,8,2,0,0,false
2025-05-18 02:14:12,2025-05-19 01:23:47,UTC-05:00,2025-05-18 12:51:00,2025-05-18 13:28:29,37,Walking,4.6,63.0,123,100,3,0,0,0,0,false
2025-05-17 00:52:26,2025-05-18 02:14:12,UTC-05:00,2025-05-17 12:10:30,2025-05-17 12:56:59,46,Weightlifting,7.2,275.0,155,123,90,3,0,0,0,false
2025-05-16 02:23:18,2025-05-17 00:52:26,UTC-05:00,2025-05-16 10:24:00,2025-05-16 11:26:59,62,Weightlifting,6.4,211.0,170,111,48,1,0,0,0,false
2025-05-15 01:41:08,2025-05-16 02:23:18,UTC-05:00,2025-05-15 13:30:00,2025-05-15 16:20:59,170,Activity,15.6,1392.0,173,135,67,21,11,0,0,false
2025-05-15 01:41:08,2025-05-16 02:23:18,UTC-05:00,2025-05-15 10:21:00,2025-05-15 11:26:59,65,Weightlifting,13.6,379.0,176,123,67,13,3,1,0,false
2025-05-14 01:49:35,2025-05-15 01:41:08,UTC-05:00,2025-05-14 11:04:30,2025-05-14 11:49:29,44,Weightlifting,13.0,301.0,176,128,58,16,10,0,0,false
2025-05-12 23:52:11,2025-05-14 01:49:35,UTC-05:00,2025-05-13 18:52:30,2025-05-13 19:37:32,45,Running,12.9,462.0,197,145,59,8,10,12,10,false
2025-05-12 23:52:11,2025-05-14 01:49:35,UTC-05:00,2025-05-13 11:39:00,2025-05-13 11:56:59,17,Weightlifting,5.1,98.0,149,122,90,4,0,0,0,false
2025-05-12 23:52:11,2025-05-14 01:49:35,UTC-05:00,2025-05-13 10:33:00,2025-05-13 11:29:59,56,Weightlifting,7.2,278.0,169,119,71,5,1,0,0,false
2025-05-12 00:26:33,2025-05-12 23:52:11,UTC-05:00,2025-05-12 17:01:30,2025-05-12 17:25:29,23,Jiu Jitsu,5.0,94.0,139,114,57,0,0,0,0,false
2025-05-12 00:26:33,2025-05-12 23:52:11,UTC-05:00,2025-05-12 15:45:00,2025-05-12 16:16:29,31,Jiu Jitsu,7.2,240.0,169,133,83,13,4,0,0,false
2025-05-12 00:26:33,2025-05-12 23:52:11,UTC-05:00,2025-05-12 10:57:00,2025-05-12 11:56:59,59,Wrestling,8.1,325.0,175,121,62,11,3,0,0,false
2025-05-11 01:13:07,2025-05-12 00:26:33,UTC-05:00,2025-05-11 10:09:00,2025-05-11 11:08:59,59,Powerlifting,10.9,483.0,181,135,65,17,11,4,0,false
2025-05-09 01:51:18,2025-05-10 01:19:35,UTC-05:00,2025-05-09 10:45:00,2025-05-09 11:35:59,50,Weightlifting,7.2,276.0,165,122,82,6,1,0,0,false
2025-05-08 01:17:12,2025-05-09 01:51:18,UTC-05:00,2025-05-08 12:17:41,2025-05-08 12:37:04,19,Running,10.6,260.0,192,161,16,14,27,31,12,false
2025-05-08 01:17:12,2025-05-09 01:51:18,UTC-05:00,2025-05-08 09:39:00,2025-05-08 10:55:29,76,Weightlifting,9.7,463.0,178,125,76,9,4,0,0,false
2025-05-07 01:40:42,2025-05-08 01:17:12,UTC-05:00,2025-05-07 13:25:30,2025-05-07 14:38:01,72,Activity,13.0,686.0,182,142,47,32,16,5,0,false
2025-05-06 00:21:03,2025-05-07 01:40:42,UTC-05:00,2025-05-06 18:57:00,2025-05-06 20:04:29,67,Softball,11.6,563.0,183,137,64,20,11,3,0,false
2025-05-06 00:21:03,2025-05-07 01:40:42,UTC-05:00,2025-05-06 10:25:30,2025-05-06 11:17:59,52,Weightlifting,10.0,451.0,171,138,59,37,4,0,0,false
2025-05-05 02:49:07,2025-05-06 00:21:03,UTC-05:00,2025-05-05 11:06:00,2025-05-05 12:29:59,83,Weightlifting,12.9,752.0,182,140,53,32,13,1,0,false
2025-05-02 23:33:44,2025-05-04 00:14:36,UTC-05:00,2025-05-03 09:44:24,2025-05-03 09:58:31,14,Running,8.9,183.0,197,159,17,12,25,31,14,false
2025-05-02 23:33:44,2025-05-04 00:14:36,UTC-05:00,2025-05-03 08:25:30,2025-05-03 08:53:59,28,Weightlifting,7.0,202.0,168,130,59,18,13,0,0,false
2025-05-02 00:20:55,2025-05-02 23:33:44,UTC-05:00,2025-05-02 11:33:00,2025-05-02 12:59:59,86,Weightlifting,9.5,501.0,167,124,84,7,0,0,0,false
2025-04-30 23:00:04,2025-05-02 00:20:55,UTC-05:00,2025-05-01 14:22:18,2025-05-01 14:33:50,11,Running,12.0,214.0,198,187,0,0,6,14,80,false
2025-04-30 23:00:04,2025-05-02 00:20:55,UTC-05:00,2025-05-01 10:03:00,2025-05-01 11:26:59,83,Weightlifting,11.1,604.0,168,131,67,25,6,0,0,false
2025-04-30 00:22:49,2025-04-30 23:00:04,UTC-05:00,2025-04-30 11:30:00,2025-04-30 12:00:51,30,Weightlifting,9.5,318.0,179,145,22,46,23,9,0,false
2025-04-29 00:23:38,2025-04-30 00:22:49,UTC-05:00,2025-04-29 20:06:00,2025-04-29 21:31:09,85,Softball,14.7,865.0,196,145,31,36,18,12,2,false
2025-04-29 00:23:38,2025-04-30 00:22:49,UTC-05:00,2025-04-29 15:41:12,2025-04-29 16:09:43,28,Running,14.7,480.0,194,178,0,0,12,39,49,false
2025-04-29 00:23:38,2025-04-30 00:22:49,UTC-05:00,2025-04-29 14:06:00,2025-04-29 15:13:29,67,Weightlifting,12.1,637.0,166,141,28,61,11,0,0,false
2025-04-28 00:24:42,2025-04-29 00:23:38,UTC-05:00,2025-04-28 11:18:00,2025-04-28 11:58:58,40,Weightlifting,8.5,328.0,170,134,59,29,12,0,0,false
2025-04-27 01:02:37,2025-04-28 00:24:42,UTC-05:00,2025-04-27 16:45:06,2025-04-27 17:07:16,22,Running,12.5,334.0,194,169,1,15,24,34,26,false
2025-04-26 01:00:39,2025-04-27 01:02:37,UTC-05:00,2025-04-26 21:09:00,2025-04-26 21:35:59,26,Jiu Jitsu,5.9,158.0,155,121,83,5,0,0,0,false
2025-04-26 01:00:39,2025-04-27 01:02:37,UTC-05:00,2025-04-26 19:59:27,2025-04-26 20:13:26,13,Running,12.4,249.0,196,182,0,1,13,20,66,false
2025-04-26 01:00:39,2025-04-27 01:02:37,UTC-05:00,2025-04-26 09:31:30,2025-04-26 09:52:30,21,Weightlifting,8.5,235.0,179,149,16,41,33,10,0,false
2025-04-25 01:52:50,2025-04-26 01:00:39,UTC-05:00,2025-04-25 19:08:05,2025-04-25 19:35:19,27,Running,15.9,502.0,204,185,0,0,16,13,71,false
2025-04-25 01:52:50,2025-04-26 01:00:39,UTC-05:00,2025-04-25 13:12:00,2025-04-25 14:14:59,62,Weightlifting,14.6,756.0,193,152,12,31,41,13,3,false
2025-04-24 00:00:00,2025-04-25 01:52:50,UTC-05:00,2025-04-24 22:07:30,2025-04-24 22:26:59,19,Jiu Jitsu,4.8,74.0,149,110,66,1,0,0,0,false
2025-04-24 00:00:00,2025-04-25 01:52:50,UTC-05:00,2025-04-24 11:57:00,2025-04-24 12:44:40,47,Weightlifting,9.3,392.0,169,133,64,26,10,0,0,false
2025-04-23 01:07:23,2025-04-24 00:00:00,UTC-05:00,2025-04-23 12:33:55,2025-04-23 12:45:57,12,Running,11.5,213.0,195,182,0,0,8,29,63,false
2025-04-23 01:07:23,2025-04-24 00:00:00,UTC-05:00,2025-04-23 11:25:30,2025-04-23 11:54:06,28,Weightlifting,8.4,257.0,184,137,52,22,18,7,0,false
2025-04-22 00:31:14,2025-04-23 01:07:23,UTC-05:00,2025-04-22 23:25:30,2025-04-22 23:47:59,22,Jiu Jitsu,6.6,187.0,161,133,75,22,3,0,0,false
2025-04-22 00:31:14,2025-04-23 01:07:23,UTC-05:00,2025-04-22 22:24:00,2025-04-22 22:34:25,10,Activity,4.7,60.0,148,120,83,8,0,0,0,false
2025-04-22 00:31:14,2025-04-23 01:07:23,UTC-05:00,2025-04-22 20:22:30,2025-04-22 21:39:02,76,Baseball,14.1,825.0,194,146,21,57,17,4,1,false
2025-04-22 00:31:14,2025-04-23 01:07:23,UTC-05:00,2025-04-22 17:13:30,2025-04-22 18:50:59,97,Pickleball,12.4,749.0,168,130,76,18,4,0,0,false
2025-04-22 00:31:14,2025-04-23 01:07:23,UTC-05:00,2025-04-22 15:19:30,2025-04-22 15:49:29,29,Jiu Jitsu,5.9,161.0,158,118,78,5,1,0,0,false
2025-04-22 00:31:14,2025-04-23 01:07:23,UTC-05:00,2025-04-22 14:04:30,2025-04-22 15:04:29,59,Weightlifting,13.5,645.0,192,145,29,39,17,12,3,false
2025-04-22 00:31:14,2025-04-23 01:07:23,UTC-05:00,2025-04-22 10:48:00,2025-04-22 11:08:59,20,Activity,5.2,104.0,148,115,74,2,0,0,0,false
2025-04-21 01:56:44,2025-04-22 00:31:14,UTC-05:00,2025-04-21 16:03:00,2025-04-21 16:40:29,37,Golf,7.4,262.0,158,126,80,19,0,0,0,false
2025-04-21 01:56:44,2025-04-22 00:31:14,UTC-05:00,2025-04-21 13:52:30,2025-04-21 14:20:59,28,Jiu Jitsu,5.7,147.0,150,116,87,2,0,0,0,false
2025-04-21 01:56:44,2025-04-22 00:31:14,UTC-05:00,2025-04-21 10:24:00,2025-04-21 11:08:59,44,Jiu Jitsu,7.6,289.0,162,123,73,18,2,0,0,false
2025-04-20 03:01:09,2025-04-21 01:56:44,UTC-05:00,2025-04-20 13:16:42,2025-04-20 13:27:15,10,Running,9.2,166.0,193,172,0,1,25,51,23,false
2025-04-19 02:47:38,2025-04-20 03:01:09,UTC-05:00,2025-04-20 00:00:00,2025-04-20 00:16:29,16,Jiu Jitsu,5.1,85.0,157,117,64,7,2,0,0,false
2025-04-19 02:47:38,2025-04-20 03:01:09,UTC-05:00,2025-04-19 20:49:30,2025-04-19 21:04:29,14,Jiu Jitsu,5.3,104.0,162,126,83,11,6,0,0,false
2025-04-19 02:47:38,2025-04-20 03:01:09,UTC-05:00,2025-04-19 17:37:30,2025-04-19 18:55:29,77,Weightlifting,10.8,574.0,176,128,78,20,2,0,0,false
2025-04-19 02:47:38,2025-04-20 03:01:09,UTC-05:00,2025-04-19 12:52:30,2025-04-19 13:26:59,34,Jiu Jitsu,8.3,288.0,176,133,62,22,15,1,0,false
2025-04-18 03:41:26,2025-04-19 02:47:38,UTC-05:00,2025-04-19 01:13:30,2025-04-19 01:28:29,14,Jiu Jitsu,5.0,82.0,154,118,84,6,0,0,0,false
2025-04-18 03:41:26,2025-04-19 02:47:38,UTC-05:00,2025-04-18 22:37:30,2025-04-18 23:59:59,82,Jiu Jitsu,11.1,619.0,168,129,82,17,0,0,0,false
2025-04-18 03:41:26,2025-04-19 02:47:38,UTC-05:00,2025-04-18 16:30:00,2025-04-18 16:47:59,17,Jiu Jitsu,5.5,123.0,152,125,91,9,0,0,0,false
2025-04-18 03:41:26,2025-04-19 02:47:38,UTC-05:00,2025-04-18 14:22:30,2025-04-18 15:34:29,71,Jiu Jitsu,11.6,616.0,169,134,64,29,7,0,0,false
2025-04-18 03:41:26,2025-04-19 02:47:38,UTC-05:00,2025-04-18 12:55:30,2025-04-18 13:41:59,46,Jiu Jitsu,8.8,352.0,168,129,71,22,6,0,0,false
2025-04-18 03:41:26,2025-04-19 02:47:38,UTC-05:00,2025-04-18 09:43:30,2025-04-18 10:31:29,47,Jiu Jitsu,9.2,362.0,169,129,64,18,12,0,0,false
2025-04-18 03:41:26,2025-04-19 02:47:38,UTC-05:00,2025-04-18 08:16:30,2025-04-18 08:41:59,25,Jiu Jitsu,5.8,152.0,137,121,93,0,0,0,0,false
2025-04-18 03:41:26,2025-04-19 02:47:38,UTC-05:00,2025-04-18 07:22:47,2025-04-18 07:47:02,24,Running,13.5,384.0,194,172,1,13,19,28,39,false
2025-04-17 01:30:39,2025-04-18 03:41:26,UTC-05:00,2025-04-17 20:46:30,2025-04-17 21:22:29,35,Jiu Jitsu,6.4,206.0,149,119,85,4,0,0,0,false
2025-04-17 01:30:39,2025-04-18 03:41:26,UTC-05:00,2025-04-17 14:51:00,2025-04-17 15:11:59,20,Jiu Jitsu,5.3,116.0,141,118,97,0,0,0,0,false
2025-04-16 01:31:06,2025-04-17 01:30:39,UTC-05:00,2025-04-16 17:19:30,2025-04-16 17:56:51,37,Jiu Jitsu,6.5,214.0,155,119,87,4,0,0,0,false
2025-04-16 01:31:06,2025-04-17 01:30:39,UTC-05:00,2025-04-16 15:13:30,2025-04-16 15:52:21,38,Activity,6.8,231.0,156,120,81,7,0,0,0,false
2025-04-16 01:31:06,2025-04-17 01:30:39,UTC-05:00,2025-04-16 10:49:30,2025-04-16 11:17:59,28,Jiu Jitsu,6.3,186.0,161,123,87,11,0,0,0,false
2025-04-15 01:40:40,2025-04-16 01:31:06,UTC-05:00,2025-04-15 21:43:30,2025-04-15 22:19:29,35,Jiu Jitsu,6.9,237.0,148,123,97,1,0,0,0,false
2025-04-15 01:40:40,2025-04-16 01:31:06,UTC-05:00,2025-04-15 12:03:00,2025-04-15 12:41:59,38,Jiu Jitsu,9.2,331.0,174,133,74,9,15,1,0,false
2025-04-12 14:04:49,2025-04-13 04:45:18,UTC-05:00,2025-04-12 23:19:30,2025-04-13 02:04:29,164,Activity,12.6,941.0,160,119,85,4,0,0,0,false
2025-04-10 03:42:26,2025-04-11 01:33:40,UTC-05:00,2025-04-10 10:43:16,2025-04-10 10:59:36,16,Running,10.5,237.0,192,165,5,12,24,46,13,false
2025-04-08 02:01:52,2025-04-09 01:13:26,UTC-05:00,2025-04-08 13:18:00,2025-04-08 14:43:29,85,Activity,8.5,435.0,136,116,98,0,0,0,0,false
2025-04-06 01:39:50,2025-04-07 02:22:43,UTC-05:00,2025-04-06 18:01:30,2025-04-06 18:19:29,17,Activity,5.1,93.0,154,117,72,4,0,0,0,false
2025-03-28 21:28:09,2025-03-30 03:25:49,UTC-05:00,2025-03-29 18:25:30,2025-03-29 22:17:59,232,Activity,15.8,1694.0,177,129,87,11,2,0,0,false
2025-03-25 02:54:28,2025-03-26 00:50:03,UTC-05:00,2025-03-25 22:34:30,2025-03-25 23:20:43,46,Activity,6.0,182.0,145,111,61,0,0,0,0,false
2025-03-25 02:54:28,2025-03-26 00:50:03,UTC-05:00,2025-03-25 18:16:30,2025-03-25 18:52:29,35,Jiu Jitsu,7.2,256.0,150,128,93,5,0,0,0,false
2025-03-25 02:54:28,2025-03-26 00:50:03,UTC-05:00,2025-03-25 14:11:43,2025-03-25 14:36:06,24,Running,14.6,428.0,201,181,1,0,7,31,61,false
2025-03-24 01:05:56,2025-03-25 02:54:28,UTC-05:00,2025-03-24 13:18:27,2025-03-24 13:42:03,23,Running,13.6,380.0,199,173,1,0,14,32,53,false
2025-03-17 01:32:26,2025-03-18 00:07:33,UTC-05:00,2025-03-17 18:27:00,2025-03-17 19:17:59,50,Activity,9.0,365.0,152,125,75,23,1,0,0,false
2025-03-17 01:32:26,2025-03-18 00:07:33,UTC-05:00,2025-03-17 12:57:00,2025-03-17 14:23:59,86,Activity,10.4,544.0,144,120,95,3,0,0,0,false
2025-03-15 01:03:54,2025-03-15 23:33:49,UTC-07:00,2025-03-15 17:55:30,2025-03-15 18:44:59,49,Activity,7.1,259.0,144,115,91,2,0,0,0,false
2025-03-12 00:12:41,2025-03-13 00:08:53,UTC-07:00,2025-03-12 11:54:00,2025-03-12 12:47:59,53,Activity,9.3,395.0,154,125,81,19,0,0,0,false
2025-03-11 01:05:17,2025-03-12 00:12:41,UTC-07:00,2025-03-11 20:27:00,2025-03-11 20:56:42,29,Activity,5.3,113.0,136,106,55,0,0,0,0,false
